authorName,authorTelegram,channelName,date,id,linkPreview,scrappingDate,text,viewsCount
ููุตุฉ ุชุฑุณ | JOBS,https://t.me/Taras_saudi,Taras_saudi,2024-10-31T15:59:58+00:00,9958,"ููุตุฉ ุชุฑุณ ุงูุณุนูุฏูุฉ
  
  ุดุฑูุฉ ูุญุงูุงู ูุงุณุชุดุงุฑุงุช ูุงููููุฉ ุชุจุญุซ ุนู ูุฏูุฑ ุงูุฎุฏูุงุช ุงููุงููููุฉ - ููุตุฉ ุชุฑุณ ุงูุณุนูุฏูุฉ
  ูุชุทูุจุงุช ุงููุธููู: ุงู ูููู ูุฏูู ุฎุจุฑู ุชุทุจูููู ูุง ุชูู ุนู 10 ูู ุงุนูุงู ุงููุญุงูุงุฉ ูุงูุงุณุชุดุงุฑุงุช ุงููุงููููุฉ ุงู ูููู ูุฏูู ููู ูุงุณุน ูุดุงูู ููููุงููู ูุงููุงู ุจุงูููุงุฆุญ ูุงูุชุดุฑูุนุงุช",2024-11-06 00:54:00,ุดุฑูุฉ ูุญุงูุงู ูุงุณุชุดุงุฑุงุช ูุงููููุฉ ุชุจุญุซ ุนู ูุฏูุฑ ุงูุฎุฏูุงุช ุงููุงููููุฉูุชุทูุจุงุช ุงููุธููู:- ุงู ูููู ูุฏูู ุฎุจุฑู ุชุทุจูููู ูุง ุชูู ุนู 10 ูู ุงุนูุงู ุงููุญุงูุงุฉ ูุงูุงุณุชุดุงุฑุงุช ุงููุงููููุฉ- ุงู ูููู ูุฏูู ููู ูุงุณุน ูุดุงูู ููููุงููู ูุงููุงู ุจุงูููุงุฆุญ ูุงูุชุดุฑูุนุงุชููุชูุฏูู : (https://tarasjobs.com/job/956/)ุงูุดุฑ ุณูุฑุชู ุงูุฐุงุชูุฉ ุนูุฏ 3000 ุดุฑูุฉ :Tarasksa.com,3.5K
ููุตุฉ ุชุฑุณ | JOBS,https://t.me/Taras_saudi,Taras_saudi,2024-10-31T15:41:27+00:00,9950,"ููุตุฉ ุชุฑุณ ุงูุณุนูุฏูุฉ
  
  ูุจุญุซ ุนู ุตุงูุน ูุญุชูู ูุญุชุฑู ูู ูุฌุงูู ููุชูุชุน ุจุงูุดุบู ูุงูุฅุจุฏุงุน ูุชูุฏูู ุฃููุงุฑ ุฎุงุฑุฌ ุงูุตูุฏูู ูุงุฏุฑุฉ ุนูู ุตูุงุนุฉ ูุญุชูู ุฌุฐุงุจ ููุคุซุฑ ุนุจุฑ ูุฎุชูู ุงูููุตุงุชโฆ
  ุงูุดุฑูุท : ุดูุงุฏุฉ ุจูุงููุฑููุณ ูู ุงูุชุณููู ุฃู ูุง ูุนุงุฏููุง. ุชุตููุฑ ูุชุญุฑูุฑ ุงูููุฏูููุงุช ูุตูุงุนุฉ ุงููุญุชูู (ูุทูุจ ุฃุณุงุณู). ุฅุนุฏุงุฏ ูุตูุงุนุฉ ูุญุชูู ุฅุจุฏุงุนู ูููุตุงุช ุงูุชูุงุตู ุงูุงุฌุชูุงุนู (ุฅูุณุชุบุฑุงู โ ุชูู ุชูู โ ุณูุงุจ ุดุงุช โ ููููุฏ ุฅู โ ููุณุจูู โ ููุชููุจ โ ุงููุชุฌุฑ ุงูุฅููุชุฑููู). ุฎุจุฑุฉ ูู ุตูุงุนุฉ ุงููุญุชููโฆ",2024-11-06 00:54:00,ูุจุญุซ ุนู ุตุงูุน ูุญุชูู ูุญุชุฑู ูู ูุฌุงูู ููุชูุชุน ุจุงูุดุบู ูุงูุฅุจุฏุงุน ูุชูุฏูู ุฃููุงุฑ ุฎุงุฑุฌ ุงูุตูุฏูู ูุงุฏุฑุฉ ุนูู ุตูุงุนุฉ ูุญุชูู ุฌุฐุงุจ ููุคุซุฑ ุนุจุฑ ูุฎุชูู ุงูููุตุงุช ุงูุฅููุชุฑูููุฉุงูุดุฑูุท :- ุดูุงุฏุฉ ุจูุงููุฑููุณ ูู ุงูุชุณููู ุฃู ูุง ูุนุงุฏููุง.- ุชุตููุฑ ูุชุญุฑูุฑ ุงูููุฏูููุงุช ูุตูุงุนุฉ ุงููุญุชูู (ูุทูุจ ุฃุณุงุณู).- ุฅุนุฏุงุฏ ูุตูุงุนุฉ ูุญุชูู ุฅุจุฏุงุนู ูููุตุงุช ุงูุชูุงุตู ุงูุงุฌุชูุงุนู (ุฅูุณุชุบุฑุงู โ ุชูู ุชูู โ ุณูุงุจ ุดุงุช โ ููููุฏ ุฅู โ ููุณุจูู โ ููุชููุจ โ ุงููุชุฌุฑ ุงูุฅููุชุฑููู).- ุฎุจุฑุฉ ูู ุตูุงุนุฉ ุงููุญุชูู ูุง ุชูู ุนู 3 ุณููุงุช ูู ุงููุฌุงู.โฆููุชูุฏูู : (https://tarasjobs.com/job/949/)ุงูุดุฑ ุณูุฑุชู ุงูุฐุงุชูุฉ ุนูุฏ 3000 ุดุฑูุฉ :Tarasksa.com,2.9K
ููุตุฉ ุชุฑุณ | JOBS,https://t.me/Taras_saudi,Taras_saudi,2024-10-31T15:53:40+00:00,9955,"ููุตุฉ ุชุฑุณ ุงูุณุนูุฏูุฉ
  
  ุดุงุบุฑ ูุธููู ูููููุฏุณูู ูุงููููุฏุณุงุช ุงูุณุนูุฏููู ูู ุดุฑูุฉ ูุจุฑู ูุฌุงููุง ุงูุงูุดุงุกุงุช ูุงูููุงููุงุช - ููุตุฉ ุชุฑุณ ุงูุณุนูุฏูุฉ
  ุงูุดุฑูุท : ุงูุชุฎุตุต ูููุงูููุง ูููุฑุจุงุก ููุฏูู ููุนูุงุฑู ุงููุบุฉ: ููุชุงุฒุฉ ุงููุคูู ุจูุงููุฑููุณ ุงูุฌูุณูุฉ ุณุนูุฏู",2024-11-06 00:54:00,ุดุงุบุฑ ูุธููู ูููููุฏุณูู ูุงููููุฏุณุงุช ุงูุณุนูุฏููู ูู ุดุฑูุฉ ูุจุฑู ูุฌุงููุง ุงูุงูุดุงุกุงุช ูุงูููุงููุงุชุงูุดุฑูุท :- ุงูุชุฎุตุต ูููุงูููุง ูููุฑุจุงุก ููุฏูู ููุนูุงุฑู- ุงููุบุฉ: ููุชุงุฒุฉ- ุงููุคูู ุจูุงููุฑููุณ- ุงูุฌูุณูุฉ ุณุนูุฏูููุชูุฏูู : (https://tarasjobs.com/job/953/)ุงูุดุฑ ุณูุฑุชู ุงูุฐุงุชูุฉ ุนูุฏ 3000 ุดุฑูุฉ :Tarasksa.com,2.6K
ููุตุฉ ุชุฑุณ | JOBS,https://t.me/Taras_saudi,Taras_saudi,2024-10-31T15:57:57+00:00,9957,"ููุตุฉ ุชุฑุณ ุงูุณุนูุฏูุฉ
  
  ุดุฑูู ุชุจุญุซ ุนู ููุธููู ูู ุญุณุจ ุงูุดูุงุบุฑ ุงูุงุชูู - ููุตุฉ ุชุฑุณ ุงูุณุนูุฏูุฉ
  ููุณู/ู ูุฑุฏ ุฎุจุฑู ูุง ุชูู ุนู ุณูู ูุดุฑู/ู ูุจูุนุงุช ุฎุจุฑู ูุง ุชูู ุนู ุณูุชูู",2024-11-06 00:54:00,ุดุฑูู ุชุจุญุซ ุนู ููุธููู ูู ุญุณุจ ุงูุดูุงุบุฑ ุงูุงุชูู- ููุณู/ู ูุฑุฏ ุฎุจุฑู ูุง ุชูู ุนู ุณูู- ูุดุฑู/ู ูุจูุนุงุช ุฎุจุฑู ูุง ุชูู ุนู ุณูุชููููุชูุฏูู : (https://tarasjobs.com/job/955/)ุงูุดุฑ ุณูุฑุชู ุงูุฐุงุชูุฉ ุนูุฏ 3000 ุดุฑูุฉ :Tarasksa.com,2.8K
ููุตุฉ ุชุฑุณ | JOBS,https://t.me/Taras_saudi,Taras_saudi,2024-10-31T15:44:10+00:00,9951,"ููุตุฉ ุชุฑุณ ุงูุณุนูุฏูุฉ
  
  ุดุฑูุฉ ูุจุฑู ุชุจุญุซ ุนู ูุฑุดุญูู ููุนูู ูู ูุธุงุฆู ุงุณุชูุจุงู - ููุตุฉ ุชุฑุณ ุงูุณุนูุฏูุฉ
  ุงูุดุฑูุท: ุงููุคูู ุซุงูููุฉ ุนุงูุฉ ูุญุฏ ุฃุฏูู. ุญุฏูุซ ุงูุชุฎุฑุฌ. ุฅุฌุงุฏุฉ ุงููุบุฉ ุงูุฅูุฌููุฒูุฉ.",2024-11-06 00:54:00,ุดุฑูุฉ ูุจุฑู ุชุจุญุซ ุนู ูุฑุดุญูู ููุนูู ูู ูุธุงุฆู ุงุณุชูุจุงูุงูุดุฑูุท:- ุงููุคูู ุซุงูููุฉ ุนุงูุฉ ูุญุฏ ุฃุฏูู.- ุญุฏูุซ ุงูุชุฎุฑุฌ.- ุฅุฌุงุฏุฉ ุงููุบุฉ ุงูุฅูุฌููุฒูุฉ.ููุชูุฏูู : (https://tarasjobs.com/job/950/)ุงูุดุฑ ุณูุฑุชู ุงูุฐุงุชูุฉ ุนูุฏ 3000 ุดุฑูุฉ :Tarasksa.com,2.3K
ููุตุฉ ุชุฑุณ | JOBS,https://t.me/Taras_saudi,Taras_saudi,2024-10-31T15:49:30+00:00,9954,"ููุตุฉ ุชุฑุณ ุงูุณุนูุฏูุฉ
  
  ูุทููุจ ุจูุตูุน - ููุตุฉ ุชุฑุณ ุงูุณุนูุฏูุฉ
  (ุงุฎุตุงุฆูุฉ ุชูุงุตู ุงุฌุชูุงุนู) ุฃูุงู ุงูุนูู: ูฆ ุฃูุงู ูู ุงูุฃุณุจูุน ุงูุฑุงุชุจ: 4000 ุจุนุฏ ุฎุตู ุงูุชุฃูููุงุช ุงูุฏูุงู ุตุจุงุญู (ูุญุงุณุจุฉ ูุงููู) ุฃูุงู ุงูุนูู: ูฆ ุฃูุงู ูู ุงูุฃุณุจูุน ุงูุฑุงุชุจ: 5000 ุจุนุฏ ุฎุตู ุงูุชุฃูููุงุช ุงูุฏูุงู ุตุจุงุญู (ูุจูุนุงุช ูุงุชููู ) ุฃูุงู ุงูุนูู: ูฆ ุฃูุงู ูู ุงูุฃุณุจูุน ุงูุฑุงุชุจ: 4550 ุจุนุฏ ุฎุตูโฆ",2024-11-06 00:54:00,ูุทููุจ ุจูุตูุน1- ุงุฎุตุงุฆูุฉ ุชูุงุตู ุงุฌุชูุงุนู- ุฃูุงู ุงูุนูู: ูฆ ุฃูุงู ูู ุงูุฃุณุจูุน- ุงูุฑุงุชุจ: 4000 ุจุนุฏ ุฎุตู ุงูุชุฃูููุงุช- ุงูุฏูุงู ุตุจุงุญู2- ูุญุงุณุจุฉ ูุงููู- ุฃูุงู ุงูุนูู: ูฆ ุฃูุงู ูู ุงูุฃุณุจูุน- ุงูุฑุงุชุจ: 5000 ุจุนุฏ ุฎุตู ุงูุชุฃูููุงุช- ุงูุฏูุงู ุตุจุงุญู3- ูุจูุนุงุช ูุงุชููู- ุฃูุงู ุงูุนูู: ูฆ ุฃูุงู ูู ุงูุฃุณุจูุน- ุงูุฑุงุชุจ: 4550 ุจุนุฏ ุฎุตู ุงูุชุฃูููุงุชโฆููุชูุฏูู : (https://tarasjobs.com/job/952/)ุงูุดุฑ ุณูุฑุชู ุงูุฐุงุชูุฉ ุนูุฏ 3000 ุดุฑูุฉ :Tarasksa.com,2.5K
ููุตุฉ ุชุฑุณ | JOBS,https://t.me/Taras_saudi,Taras_saudi,2024-10-31T15:55:32+00:00,9956,,2024-11-06 00:54:00,ุดุงุบุฑ ูุธููู ุจูุณูู ูุณุคูู ูุดุชุฑูุงุชุงูุดุฑูุท :- ุฎุจุฑุฉ ุณูู ูุน ูุบุฉ ุฅูุฌููุฒูุฉ- ูู ุณูุงู ุดุฑู ุฌููุจ ุงูุฑูุงุถ- ุงููุจุงุดุฑุฉ ููุฑุงูููุชูุฏูู : (https://tarasjobs.com/job/954/)ุงูุดุฑ ุณูุฑุชู ุงูุฐุงุชูุฉ ุนูุฏ 3000 ุดุฑูุฉ :Tarasksa.com,2.6K
ููุตุฉ ุชุฑุณ | JOBS,https://t.me/Taras_saudi,Taras_saudi,2024-11-01T20:45:02+00:00,9961,,2024-11-06 00:54:00,ูุนู ุงุฌูู ุงูุงู ุนููุฑู ูู ุชุฃุชู ุจุนุฏ ..โจูููู ูู ุงูุฌูุฏููุซูุฑ ูู ุญุณู ุงูุธู ุจุงููู ุจุชุดูู ูุจุชุชุฃูุฏ ุงู ุงููุงุฏู ุงุฌูู .,3.5K
ููุตุฉ ุชุฑุณ | JOBS,https://t.me/Taras_saudi,Taras_saudi,2024-11-01T20:34:31+00:00,9960,,2024-11-06 00:54:00,,3.5K
ููุตุฉ ุชุฑุณ | JOBS,https://t.me/Taras_saudi,Taras_saudi,2024-11-02T12:43:12+00:00,9963,,2024-11-06 00:54:00,https://x.com/taras_saudi/status/1852692809267990789?s=46,3.0K
ููุตุฉ ุชุฑุณ | JOBS,https://t.me/Taras_saudi,Taras_saudi,2024-10-31T16:03:24+00:00,9959,"ููุตุฉ ุชุฑุณ ุงูุณุนูุฏูุฉ
  
  ูุทููุจ ููุฏูุจ ูุจูุนุงุช ููุนูู ูู ุงุญุฏู ุดุฑูุงุช ุงูุชูููู ุงููุจุฑู - ููุตุฉ ุชุฑุณ ุงูุณุนูุฏูุฉ
  ุงูุดุฑูุท: ุฎุจุฑุฉ ูู ูุฌุงู ูุทุงุน ุชูููู ุงูุงูุฑุงุฏ ูุงุชูู ุนู 7 ุณููุงุช ุงู ุฎุจุฑุฉ ูุงููู ุจูููู",2024-11-06 00:54:00,ูุทููุจ ููุฏูุจ ูุจูุนุงุช ููุนูู ูู ุงุญุฏู ุดุฑูุงุช ุงูุชูููู ุงููุจุฑูุงูุดุฑูุท:- ุฎุจุฑุฉ ูู ูุฌุงู ูุทุงุน ุชูููู ุงูุงูุฑุงุฏ ูุงุชูู ุนู 7 ุณููุงุช ุงู ุฎุจุฑุฉ ูุงููู ุจููููููุชูุฏูู : (https://tarasjobs.com/job/957/)ุงูุดุฑ ุณูุฑุชู ุงูุฐุงุชูุฉ ุนูุฏ 3000 ุดุฑูุฉ :Tarasksa.com,4.1K
ููุตุฉ ุชุฑุณ | JOBS,https://t.me/Taras_saudi,Taras_saudi,2024-11-02T14:12:31+00:00,9967,"ููุตุฉ ุชุฑุณ ุงูุณุนูุฏูุฉ
  
  ุชุนูู ุดุฑูุฉ ูุฎุชุตู ูู ุงููุฌุงู ุงูุทุจู ุนู ุดูุงุบุฑ ูุธูููุฉ ุจูุณูู: - ููุตุฉ ุชุฑุณ ุงูุณุนูุฏูุฉ
  ูุณุคููุฉ ุฎุฏูุฉ ุนููุงุก ุงููุชุทูุจุงุช: ุดูุงุฏุฉ ุซุงููู ุงู ุจูุงููุฑููุณ ุงู ูุง ูุนุงุฏููุง ุฎุจุฑุฉ ุณุงุจูู ูู ููุณ ุงููุฌุงู ุณูู ูุญุฏ ุงุฏูู",2024-11-06 00:54:00,ุชุนูู ุดุฑูุฉ ูุฎุชุตู ูู ุงููุฌุงู ุงูุทุจู ุนู ุดูุงุบุฑ ูุธูููุฉ ุจูุณูู:ูุณุคููุฉ ุฎุฏูุฉ ุนููุงุกุงููุชุทูุจุงุช:- ุดูุงุฏุฉ ุซุงููู ุงู ุจูุงููุฑููุณ ุงู ูุง ูุนุงุฏููุง- ุฎุจุฑุฉ ุณุงุจูู ูู ููุณ ุงููุฌุงู ุณูู ูุญุฏ ุงุฏููููุชูุฏูู : (https://tarasjobs.com/job/958-2/)ุงูุดุฑ ุณูุฑุชู ุงูุฐุงุชูุฉ ุนูุฏ 3000 ุดุฑูุฉ :Tarasksa.com,2.4K
ููุตุฉ ุชุฑุณ | JOBS,https://t.me/Taras_saudi,Taras_saudi,2024-11-02T14:15:25+00:00,9968,"ููุตุฉ ุชุฑุณ ุงูุณุนูุฏูุฉ
  
  ูุจุญุซ ุนู ูุญุงุณุจ ุนููุงุก ุฐู ุฎุจุฑุฉ ูู ูุฌุงู ุงูููุงููุงุช ููุงูุถูุงู ุฅูู ูุฑูููุง. - ููุตุฉ ุชุฑุณ ุงูุณุนูุฏูุฉ
  ุงููุคููุงุช ุงููุทููุจุฉ: ุฎุจุฑุฉ ูู 3 ุฅูู 5 ุณููุงุช ูู ูุฌุงู ุงููุญุงุณุจุฉุ ุฎุงุตุฉ ูู ูุทุงุน ุงูููุงููุงุช ุฅุชูุงู ุงููุบุฉ ุงูุฅูุฌููุฒูุฉ ูุนุฑูุฉ ุชุงูุฉ ุจุจุฑุงูุฌ ุงูุญุงุณุจ ุงูุขูู ูุจุฑุงูุฌ ุงููุญุงุณุจุฉ ูุซู SAP ู Oracle ููู ุฌูุฏ ููุฅูุฑุงุฏุงุช ุบูุฑ ุงูููุชุฑุฉ ููุดุงุฑูุน ุชุญุช ุงูุชูููุฐ ููุณุจุฉ ุฅูุฌุงุฒ ุงููุดุงุฑูุน ุงููุฏุฑุฉ ุนูู ุฅุนุฏุงุฏโฆ",2024-11-06 00:54:00,ูุจุญุซ ุนู ูุญุงุณุจ ุนููุงุก ุฐู ุฎุจุฑุฉ ูู ูุฌุงู ุงูููุงููุงุช ููุงูุถูุงู ุฅูู ูุฑูููุง.ุงููุคููุงุช ุงููุทููุจุฉ:- ุฎุจุฑุฉ ูู 3 ุฅูู 5 ุณููุงุช ูู ูุฌุงู ุงููุญุงุณุจุฉุ ุฎุงุตุฉ ูู ูุทุงุน ุงูููุงููุงุช- ุฅุชูุงู ุงููุบุฉ ุงูุฅูุฌููุฒูุฉ- ูุนุฑูุฉ ุชุงูุฉ ุจุจุฑุงูุฌ ุงูุญุงุณุจ ุงูุขูู ูุจุฑุงูุฌ ุงููุญุงุณุจุฉ ูุซู SAP ู Oracle- ููู ุฌูุฏ ููุฅูุฑุงุฏุงุช ุบูุฑ ุงูููุชุฑุฉ ููุดุงุฑูุน ุชุญุช ุงูุชูููุฐ ููุณุจุฉ ุฅูุฌุงุฒ ุงููุดุงุฑูุน- ุงููุฏุฑุฉ ุนูู ุฅุนุฏุงุฏ ุชูุงุฑูุฑ ูุซู ุชูุงุฑูุฑ ุฃุนูุงุฑ ุงูุฐูู ุงููุฏููุฉ-โฆููุชูุฏูู : (https://tarasjobs.com/job/959/)ุงูุดุฑ ุณูุฑุชู ุงูุฐุงุชูุฉ ุนูุฏ 3000 ุดุฑูุฉ :Tarasksa.com,2.3K
ููุตุฉ ุชุฑุณ | JOBS,https://t.me/Taras_saudi,Taras_saudi,2024-11-02T12:38:15+00:00,9962,,2024-11-06 00:54:00,ุฌุงูุณูู ูุฏูุฑ ูู ุฅูุณ ุนูู ูุชููุฒูู ููุงููู ุ ุฎูููู ููุณุชุนุฏูู ูููู ูุฌูู ุงูุฏูุฑ ๐.,3.1K
ููุตุฉ ุชุฑุณ | JOBS,https://t.me/Taras_saudi,Taras_saudi,2024-11-02T12:43:17+00:00,9964,,2024-11-06 00:54:00,ูุญู ููุง ๐,3.0K
ููุตุฉ ุชุฑุณ | JOBS,https://t.me/Taras_saudi,Taras_saudi,2024-10-31T15:45:57+00:00,9952,"ููุตุฉ ุชุฑุณ ุงูุณุนูุฏูุฉ
  
  ูุทููุจ ูุดุฑู ุฃูู ูุณูุงูุฉ ูุดุฑูุฉ ุชุนูู ูุงููุฌุงู ุงูุฃูู ูุงูุณูุงูุฉ - ููุตุฉ ุชุฑุณ ุงูุณุนูุฏูุฉ
  ุงูุดุฑูุท : ุณุนูุฏู ุงูุฌูุณูุฉ ุฎุจุฑุฉ ุฅุดุฑุงููุฉ ูู ูุฌุงู ุงูุฃูู ูุงูุณูุงูุฉ ูุงุชูู ุนู ุณูุชูู ุงูุฅููุงู ุงูุชุงู ุจุจุฑุงูุฌ ุงูุงูููุณ",2024-11-06 00:54:00,ูุทููุจ ูุดุฑู ุฃูู ูุณูุงูุฉ ูุดุฑูุฉ ุชุนูู ูุงููุฌุงู ุงูุฃูู ูุงูุณูุงูุฉุงูุดุฑูุท :- ุณุนูุฏู ุงูุฌูุณูุฉ- ุฎุจุฑุฉ ุฅุดุฑุงููุฉ ูู ูุฌุงู ุงูุฃูู ูุงูุณูุงูุฉ ูุงุชูู ุนู ุณูุชูู- ุงูุฅููุงู ุงูุชุงู ุจุจุฑุงูุฌ ุงูุงูููุณููุชูุฏูู : (https://tarasjobs.com/job/951/)ุงูุดุฑ ุณูุฑุชู ุงูุฐุงุชูุฉ ุนูุฏ 3000 ุดุฑูุฉ :Tarasksa.com,2.4K
ููุตุฉ ุชุฑุณ | JOBS,https://t.me/Taras_saudi,Taras_saudi,2024-11-02T12:44:01+00:00,9965,,2024-11-06 00:54:00,ุงูุชุจ ูููุฉ ( ุดุบู ) โฐ,2.9K
ููุตุฉ ุชุฑุณ | JOBS,https://t.me/Taras_saudi,Taras_saudi,2024-11-02T12:47:45+00:00,9966,,2024-11-06 00:54:00,โูุฑุตุฉ ุชูุธูู ูุฐูู ุงูุฅุนุงูุฉ โูุณูู ุงูุดุงุบุฑ ุงููุธููู : ูุงุดูุฑ               โุงููุฏููุฉ : ุงูุฑูุงุถโุงูุญู : ุงููุฒูุฉ โุงูุฑุงุชุจ : 5300  ุฑูุงูโุงูุงู ุงูุนูู: 5  ุงูุงู  โุนุฏุฏ ุณุงุนุงุช ุงูุนูู : 8 ุณุงุนุงุช โ*ุนูู ุงูุฑุงุบุจูู ุจุงูุชูุฏูู ุฅุฑุณุงู ุงูุณูุฑุฉ ุงูุฐุงุชูุฉ ูุน ุงุฑูุงู ูุดูุฏ ุงูุงุนุงูุฉ ุนูู ุงูุงูููู ุงูุชุงูู :*โ๐๐ผ๐๐ผโโฆ nouf51867@gmail.comโฉโ๐ด ุชูููู: ูู ูุชู ุงููุธุฑ ูู ุงูุทูุจุงุช ุงูุชู ูุง ุชุญุชูู ุนูู ูุดูุฏ ุฅุนุงูุฉ .,2.9K
ููุตุฉ ุชุฑุณ | JOBS,https://t.me/Taras_saudi,Taras_saudi,2024-11-02T14:25:01+00:00,9971,"ููุตุฉ ุชุฑุณ ุงูุณุนูุฏูุฉ
  
  ูุนูู ูุฑูุฒ ุฎุทูุงุช ุงูุชูุงุตู ููุฑุนุงูุฉ ุนู ุดูุงุบุฑ ูุธูููุฉ - ููุตุฉ ุชุฑุณ ุงูุณุนูุฏูุฉ
  ุจูุณูู : ูุนููุฉ ุชุฑุจูุฉ ุฎุงุตุฉ",2024-11-06 00:54:00,ูุนูู ูุฑูุฒ ุฎุทูุงุช ุงูุชูุงุตู ููุฑุนุงูุฉ ุนู ุดูุงุบุฑ ูุธูููุฉุจูุณูู : ูุนููุฉ ุชุฑุจูุฉ ุฎุงุตุฉููุชูุฏูู : (https://tarasjobs.com/job/962/)ุงูุดุฑ ุณูุฑุชู ุงูุฐุงุชูุฉ ุนูุฏ 3000 ุดุฑูุฉ :Tarasksa.com,2.2K
ููุตุฉ ุชุฑุณ | JOBS,https://t.me/Taras_saudi,Taras_saudi,2024-11-02T14:27:35+00:00,9972,"ููุตุฉ ุชุฑุณ ุงูุณุนูุฏูุฉ
  
  ุงุนูุงู ุนู ุดูุงุบุฑ ูุธูููุฉ ุจุงููุณููุงุช ุงูุชุงููู - ููุตุฉ ุชุฑุณ ุงูุณุนูุฏูุฉ
  ูุณุคููุฉ ุนูุงูุงุช ุนุงูุฉ ุชุณููู ูุณุงุนุฏ ุงุฏุงุฑู ุงูุดุฑูุท : ุณุนูุฏู ุงูุฌูุณูุฉ ูุคูู ุฌุงูุนู ุฎุจุฑุฉ ุณูุชูู ูุงูุซุฑ ูุบุฉ ุงูุฌููุฒูุฉ โููุชุงุฒุฉโ",2024-11-06 00:54:00,ุงุนูุงู ุนู ุดูุงุบุฑ ูุธูููุฉ ุจุงููุณููุงุช ุงูุชุงููู- ูุณุคููุฉ ุนูุงูุงุช ุนุงูุฉ- ุชุณููู- ูุณุงุนุฏ ุงุฏุงุฑูุงูุดุฑูุท :- ุณุนูุฏู ุงูุฌูุณูุฉ- ูุคูู ุฌุงูุนู- ุฎุจุฑุฉ ุณูุชูู ูุงูุซุฑ- ูุบุฉ ุงูุฌููุฒูุฉ โููุชุงุฒุฉโููุชูุฏูู : (https://tarasjobs.com/job/963/)ุงูุดุฑ ุณูุฑุชู ุงูุฐุงุชูุฉ ุนูุฏ 3000 ุดุฑูุฉ :Tarasksa.com,2.3K
ููุตุฉ ุชุฑุณ | JOBS,https://t.me/Taras_saudi,Taras_saudi,2024-11-02T14:19:04+00:00,9969,"ููุตุฉ ุชุฑุณ ุงูุณุนูุฏูุฉ
  
  ุดุฑูุฉ ููุงููุงุช ูุชููุฑ ูุฏููุง ุงูุดูุงุบุฑ ุงูุชุงููุฉ ูููููุฏุณูู ุญุฏูุซูู ุงูุชุฎุฑุฌ - ููุตุฉ ุชุฑุณ ุงูุณุนูุฏูุฉ
  ุงูุดุฑูุท : ูู ูุฌุงู ุงูุชุฌุงุฑุฉ ุฃู ุงููููุงูููุง ุงู ุงูููุฑุจุงุก ุณุนูุฏู ุงูุฌูุณูุฉ ุงูุฌุฏูุฉ ูุงูุงูุชุฒุงู ุจุงูุนูู ุงูุนูู ูฆ ุงูุงู ูู ุงูุงุณุจูุน",2024-11-06 00:54:00,ุดุฑูุฉ ููุงููุงุช ูุชููุฑ ูุฏููุง ุงูุดูุงุบุฑ ุงูุชุงููุฉ  ูููููุฏุณูู ุญุฏูุซูู ุงูุชุฎุฑุฌุงูุดุฑูุท :- ูู ูุฌุงู ุงูุชุฌุงุฑุฉ ุฃู ุงููููุงูููุง ุงู ุงูููุฑุจุงุก- ุณุนูุฏู ุงูุฌูุณูุฉ- ุงูุฌุฏูุฉ ูุงูุงูุชุฒุงู ุจุงูุนููุงูุนูู ูฆ ุงูุงู ูู ุงูุงุณุจูุนููุชูุฏูู : (https://tarasjobs.com/job/960/)ุงูุดุฑ ุณูุฑุชู ุงูุฐุงุชูุฉ ุนูุฏ 3000 ุดุฑูุฉ :Tarasksa.com,2.2K
ููุตุฉ ุชุฑุณ | JOBS,https://t.me/Taras_saudi,Taras_saudi,2024-11-02T14:31:38+00:00,9973,"ููุตุฉ ุชุฑุณ ุงูุณุนูุฏูุฉ
  
  ุดูุงุบุฑ ูุธูููุฉ ูุฏู ุงุญุฏู ุงููุทุงุนู ุงูุนุงูููุฉ ูู ูุงุฌูุฉ ุฑูุดู *ุงูููุงุจูุงุช ูู ููู ุงูุงุญุฏ 3 ููููุจุฑ ุญุชู ุงูุฎููุณ 7 ููููุจุฑ 9 ุต* - ููุตุฉ ุชุฑุณ ุงูุณุนูุฏูุฉ
  1 โ ูุงุดูุฑ 2- ุจุงุฑูุณุชุง 3 โ ุงุณุชูุจุงู 5- ููุฏู ุทุนุงู ุงููุชุทูุจุงุช : ุณุนูุฏู/ุฉ ุงูุฌูุณูุฉ ุบูุฑ ูุณุฌู ูู ุงูุชุฃูููุงุช ุงูุงุฌุชูุงุนูุฉ",2024-11-06 00:54:00,ุดูุงุบุฑ ูุธูููุฉ ูุฏู ุงุญุฏู ุงููุทุงุนู ุงูุนุงูููุฉ ูู ูุงุฌูุฉ ุฑูุดู *ุงูููุงุจูุงุช ูู ููู ุงูุงุญุฏ 3 ููููุจุฑ ุญุชู ุงูุฎููุณ 7 ููููุจุฑ 9 ุต*1 โ ูุงุดูุฑ2- ุจุงุฑูุณุชุง3 โ ุงุณุชูุจุงู5- ููุฏู ุทุนุงูุงููุชุทูุจุงุช :- ุณุนูุฏู/ุฉ ุงูุฌูุณูุฉ- ุบูุฑ ูุณุฌู ูู ุงูุชุฃูููุงุช ุงูุงุฌุชูุงุนูุฉููุชูุฏูู : (https://tarasjobs.com/job/964/)ุงูุดุฑ ุณูุฑุชู ุงูุฐุงุชูุฉ ุนูุฏ 3000 ุดุฑูุฉ :Tarasksa.com,2.4K
ููุตุฉ ุชุฑุณ | JOBS,https://t.me/Taras_saudi,Taras_saudi,2024-11-02T14:23:36+00:00,9970,"ููุตุฉ ุชุฑุณ ุงูุณุนูุฏูุฉ
  
  ุดุงุบุฑ ูุธููู ููุณุนูุฏููู ูู ููุฏู ูค ูุฌูู - ููุตุฉ ุชุฑุณ ุงูุณุนูุฏูุฉ
  ุงููุณูู ุงููุธููู: ูุฑุงูุจ ุฌูุฏุฉ ููุงุฏู ุงูุฎุจุฑุฉ: ุณุนูุฏูุฉ ุงูุฌูุณูุฉ ููุถู ุฏุจููู ุฅุฏุงุฑุฉ ููุงุฏู ู ุณูุงุญุฉ ุฃู ุงู ุชุฎุตุต ุขุฎุฑ ููุงู ุงูุนูู: ุชุทุจูู ูุนุงููุฑ ุงูุฌูุฏุฉ ูู ุงูููุฏู",2024-11-06 00:54:00,ุดุงุบุฑ ูุธููู ููุณุนูุฏููู ูู ููุฏู ูค ูุฌููุงููุณูู ุงููุธููู: ูุฑุงูุจ ุฌูุฏุฉ ููุงุฏูุงูุฎุจุฑุฉ: ุณุนูุฏูุฉ ุงูุฌูุณูุฉ ููุถู ุฏุจููู ุฅุฏุงุฑุฉ ููุงุฏู ู ุณูุงุญุฉ ุฃู ุงู ุชุฎุตุต ุขุฎุฑููุงู ุงูุนูู: ุชุทุจูู ูุนุงููุฑ ุงูุฌูุฏุฉ ูู ุงูููุฏูููุชูุฏูู : (https://tarasjobs.com/job/961/)ุงูุดุฑ ุณูุฑุชู ุงูุฐุงุชูุฉ ุนูุฏ 3000 ุดุฑูุฉ :Tarasksa.com,2.2K
ููุตุฉ ุชุฑุณ | JOBS,https://t.me/Taras_saudi,Taras_saudi,2024-11-02T18:22:25+00:00,9976,,2024-11-06 00:54:00,ุงูููู ุชูุงู ุงูุชูููู ูุงูุชูุณูุฑ ูุชูุงู ุงูุนุฒููุฉ โูุงููููุฉ ูุงูููุฏุฑุฉ ูุชูุงู ุงููุตููโจ,3.2K
ููุตุฉ ุชุฑุณ | JOBS,https://t.me/Taras_saudi,Taras_saudi,2024-11-03T03:34:06+00:00,9978,,2024-11-06 00:54:00,ุตุจุงุญูู ุฑุถุง..โจโ๏ดฟ ููุฃูุชู ุจูููุง ุงููููู ุฅูููู ุงููู ููุทูููู ุฎูุจููุฑู ๏ดพ.โูู ูุญุธุฉ ูุฑูุจุฉ ูุง ุชุชููุนูููุง ุ ุจุชุดูููู ุงููู ูุตูุชู ููุณุท ุญูููููุงูู ููุชู  ุชุชูููู ุ ูุง ุชููููููุฃุณูู ๐ค,2.8K
ููุตุฉ ุชุฑุณ | JOBS,https://t.me/Taras_saudi,Taras_saudi,2024-11-02T14:35:22+00:00,9974,"ููุตุฉ ุชุฑุณ ุงูุณุนูุฏูุฉ
  
  ุดูุงุบุฑ ูุธูููุฉ ูุฏู ุงุญุฏู ุงูุดุฑูุงุช ุงูุฑุงุฆุฏุฉ *ุงูููุงุจูุงุช ููู ุงูุงุญุฏ 3 ููููุจุฑ 9 ุต* - ููุตุฉ ุชุฑุณ ุงูุณุนูุฏูุฉ
  ุงุฎุตุงุฆู ุชุณููู ุงูุฑุงุชุจ ูุจุฏุฃ ูู 7000 ูุฏูุฑ ูุจูุนุงุช ุงูุฑุงุชุจ ูุตู ุงูู 11000 ูุดุชุฑุท ูุบุฉ ุงูุฌููุฒูุฉ ููุชุงุฒุฉ ูุฎุจุฑุฉ ูู ููุณ ุงููุฌุงู ูุญุงุณุจ ูุงูู / ูุฏูู ุฏุงุฎูู ุงูุฑุงุชุจ ูุตู ุงูู 10000 ุ ูุดุชุฑุท ูุบุฉ ุงูุฌููุฒูุฉ ููุชุงุฒุฉ ูุญุตู ุงูุฑุงุชุจ 5500 ุ ูุดุชุฑุท ูุบุฉ ุงูุฌููุฒูุฉ ููุชุงุฒุฉ ูุณุคูู ุนูุงูุงุช ุญููููุฉ ุงูุฑุงุชุจโฆ",2024-11-06 00:54:00,"ุดูุงุบุฑ ูุธูููุฉ ูุฏู ุงุญุฏู ุงูุดุฑูุงุช ุงูุฑุงุฆุฏุฉ *ุงูููุงุจูุงุช ููู ุงูุงุญุฏ 3 ููููุจุฑ 9 ุต*- ุงุฎุตุงุฆู ุชุณููู ุงูุฑุงุชุจ ูุจุฏุฃ ูู 7000- ูุฏูุฑ ูุจูุนุงุช ุงูุฑุงุชุจ ูุตู ุงูู 11000 ูุดุชุฑุท ูุบุฉ ุงูุฌููุฒูุฉ ููุชุงุฒุฉ ูุฎุจุฑุฉ ูู ููุณ ุงููุฌุงู- ูุญุงุณุจ ูุงูู / ูุฏูู ุฏุงุฎูู ุงูุฑุงุชุจ ูุตู ุงูู 10000 ุ ูุดุชุฑุท ูุบุฉ ุงูุฌููุฒูุฉ ููุชุงุฒุฉ- ูุญุตู ุงูุฑุงุชุจ 5500 ุ ูุดุชุฑุท ูุบุฉ ุงูุฌููุฒูุฉ ููุชุงุฒุฉ- ูุณุคูู ุนูุงูุงุช ุญููููุฉ ุงูุฑุงุชุจ 5500 , ูุดุชุฑุท ูุบุฉโฆููุชูุฏูู : (https://tarasjobs.com/job/965/)ุงูุดุฑ ุณูุฑุชู ุงูุฐุงุชูุฉ ุนูุฏ 3000 ุดุฑูุฉ :Tarasksa.com",2.6K
ููุตุฉ ุชุฑุณ | JOBS,https://t.me/Taras_saudi,Taras_saudi,2024-11-03T13:41:08+00:00,9982,"ููุตุฉ ุชุฑุณ ุงูุณุนูุฏูุฉ
  
  ุชุนูู ุดุฑูุฉ ููุงููุงุช ูุงูุดุงุกุงุช ุนู ุชููุฑ ุดุงุบุฑ ูุธููู - ููุตุฉ ุชุฑุณ ุงูุณุนูุฏูุฉ
  ุงููุณูู ุงููุธููู : ูุณุงุนุฏ ูุงูููู ุงูุงู ุงูุฑุงุญุฉ ุงูุฃุณุจูุนูุฉ ููููู ุงููุงุช ุงูุนูู: ูจ-ูฆ ุงูุดุฑูุท : ุณุนูุฏู ุงูุฌูุณูุฉ ุญุฏูุซ ุชุฎุฑุฌ ูุชูุฑุบ ููุณุชุนุฏ ููุนูู ุจุดูู ูุจุงุดุฑ",2024-11-06 00:54:00,ุชุนูู ุดุฑูุฉ ููุงููุงุช ูุงูุดุงุกุงุช ุนู ุชููุฑ ุดุงุบุฑ ูุธูููุงููุณูู ุงููุธููู : ูุณุงุนุฏ ูุงููููุงูุงู ุงูุฑุงุญุฉ ุงูุฃุณุจูุนูุฉ ูููููุงููุงุช ุงูุนูู: ูจ-ูฆุงูุดุฑูุท :- ุณุนูุฏู ุงูุฌูุณูุฉ- ุญุฏูุซ ุชุฎุฑุฌ- ูุชูุฑุบ ููุณุชุนุฏ ููุนูู ุจุดูู ูุจุงุดุฑููุชูุฏูู : (https://tarasjobs.com/job/970/)ุงูุดุฑ ุณูุฑุชู ุงูุฐุงุชูุฉ ุนูุฏ 3000 ุดุฑูุฉ :Tarasksa.com,1.9K
ููุตุฉ ุชุฑุณ | JOBS,https://t.me/Taras_saudi,Taras_saudi,2024-11-03T13:26:57+00:00,9979,"ููุตุฉ ุชุฑุณ ุงูุณุนูุฏูุฉ
  
  ุดุงุบุฑ ูุธููู ุจูุณูู ูุญุงุณุจ ูุฏู ุฅุญุฏู ุงูุดุฑูุงุช ูุฐูู ุญุณุจ ุงููุชุทูุจุงุช ุงูุชุงููุฉ: - ููุตุฉ ุชุฑุณ ุงูุณุนูุฏูุฉ
  ูุคูู ุจูุงููุฑููุณ ูุญุงุณุจุฉ ุฃู ูุงููุฉ ุฎุจุฑุฉ 2 โ 3 ููุญุงุณุจ ุญุงุตู ุนูู ุนุถููุฉ ุงููุญุงุณุจูู ูุบุฉ ุงูุฌููุฒูุฉ ุฌูุฏุฉ ุฌุฏุง ุดุฑุท ูููุจูู ุชููุฑ ุณูุงุฑุฉ ุฎุงุตุฉ ุชุญูู ุถุบุท ุงูุนูู",2024-11-06 00:54:00,ุดุงุบุฑ ูุธููู ุจูุณูู ูุญุงุณุจ ูุฏู ุฅุญุฏู ุงูุดุฑูุงุช ูุฐูู ุญุณุจ ุงููุชุทูุจุงุช ุงูุชุงููุฉ:- ูุคูู ุจูุงููุฑููุณ ูุญุงุณุจุฉ ุฃู ูุงููุฉ- ุฎุจุฑุฉ 2 โ 3 ููุญุงุณุจ- ุญุงุตู ุนูู ุนุถููุฉ ุงููุญุงุณุจูู- ูุบุฉ ุงูุฌููุฒูุฉ ุฌูุฏุฉ ุฌุฏุง- ุดุฑุท ูููุจูู- ุชููุฑ ุณูุงุฑุฉ ุฎุงุตุฉ- ุชุญูู ุถุบุท ุงูุนููููุชูุฏูู : (https://tarasjobs.com/job/967/)ุงูุดุฑ ุณูุฑุชู ุงูุฐุงุชูุฉ ุนูุฏ 3000 ุดุฑูุฉ :Tarasksa.com,2.4K
ููุตุฉ ุชุฑุณ | JOBS,https://t.me/Taras_saudi,Taras_saudi,2024-11-02T14:38:22+00:00,9975,"ููุตุฉ ุชุฑุณ ุงูุณุนูุฏูุฉ
  
  ุดุฑูุฉ ูุดุบูุฉ ุชุนูู ุนู ุดูุงุบุฑ ูุธูููุฉ (ูุณุงุญ ููุฏุงูู) - ููุตุฉ ุชุฑุณ ุงูุณุนูุฏูุฉ
  ุงููุชุทูุจุงุช: ูุชุญุฏุซ ุงููุบุชูู ุนุฑุจู ู ุงูุฌููุฒู ุจุทูุงูุฉ ุฑุฎุตุฉ ููุงุฏุฉ ุณุงุฑูุฉ ุชูุงุตูู ุงูุดุงุบุฑ: ุงูููุงู ุจุนูู ุฌููุงุช ููุฏุงููุฉ ููู ุฎุทุฉ ุงูุนูู ุงููุญุฏุฏุฉ ุณุงุนุงุช ุงูุนูู: 9 ุณุงุนุงุช ุฃูุงู ุงูุนูู: ุฎูุณุฉ ุฃูุงู ููููู ุฑุงุญุฉ ุชุฃููู ุทุจู",2024-11-06 00:54:00,ุดุฑูุฉ ูุดุบูุฉ ุชุนูู ุนู ุดูุงุบุฑ ูุธูููุฉ (ูุณุงุญ ููุฏุงูู)ุงููุชุทูุจุงุช:- ูุชุญุฏุซ ุงููุบุชูู ุนุฑุจู ู ุงูุฌููุฒู ุจุทูุงูุฉ- ุฑุฎุตุฉ ููุงุฏุฉ ุณุงุฑูุฉุชูุงุตูู ุงูุดุงุบุฑ:- ุงูููุงู ุจุนูู ุฌููุงุช ููุฏุงููุฉ ููู ุฎุทุฉ ุงูุนูู ุงููุญุฏุฏุฉ- ุณุงุนุงุช ุงูุนูู: 9 ุณุงุนุงุช- ุฃูุงู ุงูุนูู: ุฎูุณุฉ ุฃูุงู ููููู ุฑุงุญุฉ- ุชุฃููู ุทุจูููุชูุฏูู : (https://tarasjobs.com/job/966/)ุงูุดุฑ ุณูุฑุชู ุงูุฐุงุชูุฉ ุนูุฏ 3000 ุดุฑูุฉ :Tarasksa.com,3.1K
ููุตุฉ ุชุฑุณ | JOBS,https://t.me/Taras_saudi,Taras_saudi,2024-11-03T13:50:31+00:00,9985,"ููุตุฉ ุชุฑุณ ุงูุณุนูุฏูุฉ
  
  ุดุฑูุฉ ุชุนูู ูู ูุฌุงู ุงูููุงููุงุช ุชุจุญุซ ุนู ุฃุฎุตุงุฆู ุฏุนู ููู - ููุตุฉ ุชุฑุณ ุงูุณุนูุฏูุฉ
  ุงููุชุทูุจุงุช : ุดูุงุฏุฉ ุงูุจูุงููุฑููุณ ูู ุชุฎุตุต ุงูุญุงุณุจ ุงูุงูู ุณุนูุฏู ุงูุฌูุณูุฉ ุฎุจุฑุฉ 1-2 ุณููุงุช ูู ูุฌุงู ุงูุฏุนู ุงูููู",2024-11-06 00:54:00,ุดุฑูุฉ ุชุนูู ูู ูุฌุงู ุงูููุงููุงุช ุชุจุญุซ ุนู ุฃุฎุตุงุฆู ุฏุนู ูููุงููุชุทูุจุงุช :- ุดูุงุฏุฉ ุงูุจูุงููุฑููุณ ูู ุชุฎุตุต ุงูุญุงุณุจ ุงูุงูู- ุณุนูุฏู ุงูุฌูุณูุฉ- ุฎุจุฑุฉ 1-2 ุณููุงุช ูู ูุฌุงู ุงูุฏุนู ุงููููููุชูุฏูู : (https://tarasjobs.com/job/973/)ุงูุดุฑ ุณูุฑุชู ุงูุฐุงุชูุฉ ุนูุฏ 3000 ุดุฑูุฉ :Tarasksa.com,2.0K
ููุตุฉ ุชุฑุณ | JOBS,https://t.me/Taras_saudi,Taras_saudi,2024-11-02T21:05:54+00:00,9977,,2024-11-06 00:54:00,"โุชุนูู ุดุฑูุฉ ุฑุงุฆุฏุฉ ูู ูุฌุงู ุงูุฃุบุฐูุฉ ุนู ุชููุฑ ุดุงุบุฑ ูุธููู ุจูุณูู ""ูุฑุงูุจ ุฌูุฏุฉ"" โุงููุชุทูุจุงุช: โ- ุณุนูุฏู ุงูุฌูุณูุฉโ- ุฏุฑุฌุฉ ุงูุจูุงููุฑููุณ ุจุชุฎุตุต ""ุนููู ุฃุบุฐูุฉ"" โ- ุญุฏูุซ ุชุฎุฑุฌ ุฃู ุฎุจุฑุฉ ุณูุชูู ูุญุฏ ุฃูุตูโ- ุฅุฌุงุฏุฉ ุงููุบุฉ ุงูุงูุฌููุฒูุฉโููุฑ ุงูุนูู: ุงูุฑูุงุถ ( ุงููุฏููุฉ ุงูุตูุงุนูุฉ ุงูุซุงููุฉ ) ๐โุงูุชูุฏูู ุนุจุฑ ุงูุฅููููุ ูุน ุถุฑูุฑุฉ ูุชุงุจุฉ ุงููุณูู ุงููุธููู ูู ุงูุนููุงู โฌ๏ธโ โฆ hr@wmfco.saโฉ",3.1K
ููุตุฉ ุชุฑุณ | JOBS,https://t.me/Taras_saudi,Taras_saudi,2024-11-03T13:47:55+00:00,9984,"ููุตุฉ ุชุฑุณ ุงูุณุนูุฏูุฉ
  
  ุชุนูู ุดุฑูุฉ ุนู ุดุงุบุฑ ูุธููู ุจูุณูู (ูููุฏุณ ูุฏูู - Civil Engineer) - ููุตุฉ ุชุฑุณ ุงูุณุนูุฏูุฉ
  ุงูุดุฑูุท : ุณุนูุฏู ุงูุฌูุณูุฉ ุจูุงููุฑููุณ ููุฏุณุฉ ูุฏููุฉ โุงูุฎุจุฑุฉ ูุง ุชูู ุนู ุณูุชูู",2024-11-06 00:54:00,ุชุนูู ุดุฑูุฉ ุนู ุดุงุบุฑ ูุธููู ุจูุณูู (ูููุฏุณ ูุฏูู โ Civil Engineer)ุงูุดุฑูุท :- ุณุนูุฏู ุงูุฌูุณูุฉ- ุจูุงููุฑููุณ ููุฏุณุฉ ูุฏููุฉ- โุงูุฎุจุฑุฉ ูุง ุชูู ุนู ุณูุชููููุชูุฏูู : (https://tarasjobs.com/job/972/)ุงูุดุฑ ุณูุฑุชู ุงูุฐุงุชูุฉ ุนูุฏ 3000 ุดุฑูุฉ :Tarasksa.com,1.9K
ููุตุฉ ุชุฑุณ | JOBS,https://t.me/Taras_saudi,Taras_saudi,2024-11-03T13:54:15+00:00,9986,"ููุตุฉ ุชุฑุณ ุงูุณุนูุฏูุฉ
  
  ุชุนูู ุดุฑูุฉ ููุงููุงุช ุนู ุชููุฑ ุดุงุบุฑ ูุธููู ุจูุณูู ุณูุฑุชูุฑุฉ - ููุตุฉ ุชุฑุณ ุงูุณุนูุฏูุฉ
  ุงูุดุฑูุท : ุงูุชูุธูู ููุฑู ุงููุบุฉ ุงูุงูุฌููุฒูุฉ ููุชุงุฒุฉ",2024-11-06 00:54:00,ุชุนูู ุดุฑูุฉ ููุงููุงุช ุนู ุชููุฑ ุดุงุบุฑ ูุธููู ุจูุณูู ุณูุฑุชูุฑุฉุงูุดุฑูุท :- ุงูุชูุธูู ููุฑู- ุงููุบุฉ ุงูุงูุฌููุฒูุฉ ููุชุงุฒุฉููุชูุฏูู : (https://tarasjobs.com/job/974/)ุงูุดุฑ ุณูุฑุชู ุงูุฐุงุชูุฉ ุนูุฏ 3000 ุดุฑูุฉ :Tarasksa.com,2.2K
ููุตุฉ ุชุฑุณ | JOBS,https://t.me/Taras_saudi,Taras_saudi,2024-11-03T14:05:46+00:00,9987,"ููุตุฉ ุชุฑุณ ุงูุณุนูุฏูุฉ
  
  ุดุงุบุฑ ูุธููู ุจูุณูู ูุญุงุณุจ ูุฏู ุฅุญุฏู ุงูุดุฑูุงุช ูุฐูู ุญุณุจ ุงููุชุทูุจุงุช ุงูุชุงููุฉ: - ููุตุฉ ุชุฑุณ ุงูุณุนูุฏูุฉ
  ูุคูู ุจูุงููุฑููุณ ูุญุงุณุจุฉ ุฃู ูุงููุฉ ุฎุจุฑุฉ 2 โ 3 ููุญุงุณุจ ุญุงุตู ุนูู ุนุถููุฉ ุงููุญุงุณุจูู ูุบุฉ ุงูุฌููุฒูุฉ ุฌูุฏุฉ ุฌุฏุง ุดุฑุท ูููุจูู ุชููุฑ ุณูุงุฑุฉ ุฎุงุตุฉ ุชุญูู ุถุบุท ุงูุนูู",2024-11-06 00:54:00,ุดุงุบุฑ ูุธููู ุจูุณูู ูุญุงุณุจ ูุฏู ุฅุญุฏู ุงูุดุฑูุงุช ูุฐูู ุญุณุจ ุงููุชุทูุจุงุช ุงูุชุงููุฉ:- ูุคูู ุจูุงููุฑููุณ ูุญุงุณุจุฉ ุฃู ูุงููุฉ- ุฎุจุฑุฉ 2 โ 3 ููุญุงุณุจ- ุญุงุตู ุนูู ุนุถููุฉ ุงููุญุงุณุจูู- ูุบุฉ ุงูุฌููุฒูุฉ ุฌูุฏุฉ ุฌุฏุง- ุดุฑุท ูููุจูู- ุชููุฑ ุณูุงุฑุฉ ุฎุงุตุฉ- ุชุญูู ุถุบุท ุงูุนููููุชูุฏูู : (https://tarasjobs.com/job/975/)ุงูุดุฑ ุณูุฑุชู ุงูุฐุงุชูุฉ ุนูุฏ 3000 ุดุฑูุฉ :Tarasksa.com,2.6K
ููุตุฉ ุชุฑุณ | JOBS,https://t.me/Taras_saudi,Taras_saudi,2024-11-04T04:43:17+00:00,9990,,2024-11-06 00:54:00,"ุตุจุงุญูู ููุฑ ูุณุฑูุฑ ..โจูุงููู ูุง ุฑุงุญุช ุนูููููุง ุฃูุช ุฌูุช ูุชุฃุฎุฑููุง ุงููุฑุตุฉ ุถุงุนุช ููู !ุชุทูู ูุชุฐูุฑ ุฏุงูู ูุงูุขูุฉ:"" ููููู ุงูุณููููุงุกู ุฑูุฒููููููู ููููุง ุชููุนูุฏูููู """,2.5K
ููุตุฉ ุชุฑุณ | JOBS,https://t.me/Taras_saudi,Taras_saudi,2024-11-03T13:35:33+00:00,9981,"ููุตุฉ ุชุฑุณ ุงูุณุนูุฏูุฉ
  
  ุชุนูู ุดุฑูุฉ ุชูุธูู ุนู ุชููุฑ ุดุงุบุฑ ูุธููู ุจูุณูู ูุณุคูู ุนูุงูุงุช ุญููููุฉ - ููุตุฉ ุชุฑุณ ุงูุณุนูุฏูุฉ
  ุงูุดุฑูุท: ุณุนูุฏู/ุฉ ุงูุฌูุณูุฉ ูุบุฉ ุฅูุฌููุฒูุฉ ูุฏูู ุฎุจุฑุฉ ุณุงุจูุฉ ูู ุงูุนูู ุนูู ุงูููุตุงุช ุงูุญููููุฉ",2024-11-06 00:54:00,ุชุนูู ุดุฑูุฉ ุชูุธูู ุนู ุชููุฑ ุดุงุบุฑ ูุธููู ุจูุณูู ูุณุคูู ุนูุงูุงุช ุญููููุฉุงูุดุฑูุท:- ุณุนูุฏู/ุฉ ุงูุฌูุณูุฉ- ูุบุฉ ุฅูุฌููุฒูุฉ- ูุฏูู ุฎุจุฑุฉ ุณุงุจูุฉ ูู ุงูุนูู ุนูู ุงูููุตุงุช ุงูุญููููุฉููุชูุฏูู : (https://tarasjobs.com/job/969/)ุงูุดุฑ ุณูุฑุชู ุงูุฐุงุชูุฉ ุนูุฏ 3000 ุดุฑูุฉ :Tarasksa.com,1.9K
ููุตุฉ ุชุฑุณ | JOBS,https://t.me/Taras_saudi,Taras_saudi,2024-11-04T13:49:56+00:00,9993,"ููุตุฉ ุชุฑุณ ุงูุณุนูุฏูุฉ
  
  ูุทููุจ ุฃุฎุตุงุฆู ุงุนูุงู ูุงุชุตุงู - ููุตุฉ ุชุฑุณ ุงูุณุนูุฏูุฉ
  ุงูุดุฑูุท : ุดุฑุท ุชุฎุตุต ุงูุงุชุตุงู ูุงูุฅุนูุงู ุญุฏูุซ ุชุฎุฑุฌ",2024-11-06 00:54:00,ูุทููุจ ุฃุฎุตุงุฆู ุงุนูุงู ูุงุชุตุงูุงูุดุฑูุท :- ุดุฑุท ุชุฎุตุต ุงูุงุชุตุงู ูุงูุฅุนูุงู- ุญุฏูุซ ุชุฎุฑุฌููุชูุฏูู : (https://tarasjobs.com/job/978/)ุงูุดุฑ ุณูุฑุชู ุงูุฐุงุชูุฉ ุนูุฏ 3000 ุดุฑูุฉ :Tarasksa.com,1.9K
ููุตุฉ ุชุฑุณ | JOBS,https://t.me/Taras_saudi,Taras_saudi,2024-11-03T22:32:23+00:00,9989,,2024-11-06 00:54:00,ูุฑูุช ูุฑู .. โจูุงูููุช ูุนูุงู ุงู ุุชููุฏ ุงููุฑุต ุงููุจูุฑุฉ ูู ุฃุนูุงู ุตุบูุฑู .,2.8K
ููุตุฉ ุชุฑุณ | JOBS,https://t.me/Taras_saudi,Taras_saudi,2024-11-04T13:47:24+00:00,9992,"ููุตุฉ ุชุฑุณ ุงูุณุนูุฏูุฉ
  
  ุดูุงุบุฑ ูุธูููุฉ ูุฏู ุงุญุฏู ุงูุดุฑูุงุช ุงููุจุฑู - ููุตุฉ ุชุฑุณ ุงูุณุนูุฏูุฉ
  ููุซู ุฎุฏูุฉ ุนููุงุก ุฏุนู ููู ุงูุดุฑูุท : ูุบุฉ ุงูุฌููุฒูุฉ ููุชุงุฒุฉ ุณุนูุฏู/ุฉ ุงูุฌูุณูุฉ ููุณ ุนูู ุฑุฃุณ ุงูุนูู",2024-11-06 00:54:00,ุดูุงุบุฑ ูุธูููุฉ ูุฏู ุงุญุฏู ุงูุดุฑูุงุช ุงููุจุฑูููุซู ุฎุฏูุฉ ุนููุงุก ุฏุนู ูููุงูุดุฑูุท :- ูุบุฉ ุงูุฌููุฒูุฉ ููุชุงุฒุฉ- ุณุนูุฏู/ุฉ ุงูุฌูุณูุฉ- ููุณ ุนูู ุฑุฃุณ ุงูุนููููุชูุฏูู : (https://tarasjobs.com/job/977/)ุงูุดุฑ ุณูุฑุชู ุงูุฐุงุชูุฉ ุนูุฏ 3000 ุดุฑูุฉ :Tarasksa.com,2.1K
ููุตุฉ ุชุฑุณ | JOBS,https://t.me/Taras_saudi,Taras_saudi,2024-11-04T13:58:23+00:00,9997,"ููุตุฉ ุชุฑุณ ุงูุณุนูุฏูุฉ
  
  ูุนูู ูุฑูุฒ ุทุจู ุนู ุชููุฑ ุดุงุบุฑ ูุธููู ููุธููุฉ / ูุฑูุฒ ุทุจู - ููุตุฉ ุชุฑุณ ุงูุณุนูุฏูุฉ
  ุงููุคููุงุช ุงููุทููุจุฉ: ุดูุงุฏุฉ ุจูุงููุฑููุณ ูู ุงูุชุฑููุฒ ุงูุทุจู ุฃู ุชุฎุตุต ุฐู ุตูุฉ ููู ุฌูุฏ ูุฃูุธูุฉ ุงูุชุฑููุฒ ุงูุทุจู ุฎุจุฑุฉ ุณุงุจูุฉ ูู ุงูุนูู ููุฑูุฒ ุทุจู ุงููุฏุฑุฉ ุนูู ุงุณุชุฎุฏุงู ุจุฑุงูุฌ ุฅุฏุงุฑุฉ ุงูุณุฌูุงุช ุงูุตุญูุฉ ููุงุฑุงุช ุชูุงุตู ููุชุงุฒุฉ ููุฏุฑุฉ ุนูู ุงูุนูู ุถูู ูุฑูู ููุงุฑุงุช ุชุญููููุฉ ูููุฉ",2024-11-06 00:54:00,ูุนูู ูุฑูุฒ ุทุจู ุนู ุชููุฑ ุดุงุบุฑ ูุธููู ููุธููุฉ / ูุฑูุฒ ุทุจูุงููุคููุงุช ุงููุทููุจุฉ:- ุดูุงุฏุฉ ุจูุงููุฑููุณ ูู ุงูุชุฑููุฒ ุงูุทุจู ุฃู ุชุฎุตุต ุฐู ุตูุฉ- ููู ุฌูุฏ ูุฃูุธูุฉ ุงูุชุฑููุฒ ุงูุทุจู- ุฎุจุฑุฉ ุณุงุจูุฉ ูู ุงูุนูู ููุฑูุฒ ุทุจู- ุงููุฏุฑุฉ ุนูู ุงุณุชุฎุฏุงู ุจุฑุงูุฌ ุฅุฏุงุฑุฉ ุงูุณุฌูุงุช ุงูุตุญูุฉ- ููุงุฑุงุช ุชูุงุตู ููุชุงุฒุฉ ููุฏุฑุฉ ุนูู ุงูุนูู ุถูู ูุฑูู- ููุงุฑุงุช ุชุญููููุฉ ูููุฉููุชูุฏูู : (https://tarasjobs.com/job/982/)ุงูุดุฑ ุณูุฑุชู ุงูุฐุงุชูุฉ ุนูุฏ 3000 ุดุฑูุฉ :Tarasksa.com,1.9K
ููุตุฉ ุชุฑุณ | JOBS,https://t.me/Taras_saudi,Taras_saudi,2024-11-04T13:53:56+00:00,9995,"ููุตุฉ ุชุฑุณ ุงูุณุนูุฏูุฉ
  
  ูุทููุจ ุฃุฎุตุงุฆู ุชุณููู ุฑููู - ููุตุฉ ุชุฑุณ ุงูุณุนูุฏูุฉ
  ุฏุฑุงูุฉ ุชุงูุฉ ุจุฅุนุฏุงุฏ ุงูุญููุงุช ุงูุชุณููููุฉ ูู ุฌููุน ููุตุงุช ุงูุชูุงุตู ุงูุงุฌุชูุงุนู ( ุณูุงุจ ุดุงุชุ ููููุ ููุชุงุ ุชููุชุฑุ ุชูู ุชูู) ุงุนุฏุงุฏ ุงููุญุชูู ูููุตุงุช ุงูุชูุงุตู ุงูุงุฌุชูุงุนู โุงุฌุงุฏุฉ ุงุณุชุฎุฏุงู ุงูุฃุฏูุงุช ุงูุชูููุฉ ุงูุญุฏูุซุฉ ูู ูุฌุงู ุงูุชุณููู ุงูุฑูููุ ูููุง SEO ุชูููุฑ ุงุจุฏุงุนู ุณุนูุฏู/ู ุงูุฌูุณูุฉ",2024-11-06 00:54:00,ูุทููุจ ุฃุฎุตุงุฆู ุชุณููู ุฑููู- ุฏุฑุงูุฉ ุชุงูุฉ ุจุฅุนุฏุงุฏ ุงูุญููุงุช ุงูุชุณููููุฉ ูู ุฌููุน ููุตุงุช ุงูุชูุงุตู ุงูุงุฌุชูุงุนู ( ุณูุงุจ ุดุงุชุ ููููุ ููุชุงุ ุชููุชุฑุ ุชูู ุชูู)- ุงุนุฏุงุฏ ุงููุญุชูู ูููุตุงุช ุงูุชูุงุตู ุงูุงุฌุชูุงุนู- โุงุฌุงุฏุฉ ุงุณุชุฎุฏุงู ุงูุฃุฏูุงุช ุงูุชูููุฉ ุงูุญุฏูุซุฉ ูู ูุฌุงู ุงูุชุณููู ุงูุฑูููุ ูููุง SEO- ุชูููุฑ ุงุจุฏุงุนู- ุณุนูุฏู/ู ุงูุฌูุณูุฉููุชูุฏูู : (https://tarasjobs.com/job/980/)ุงูุดุฑ ุณูุฑุชู ุงูุฐุงุชูุฉ ุนูุฏ 3000 ุดุฑูุฉ :Tarasksa.com,1.7K
ููุตุฉ ุชุฑุณ | JOBS,https://t.me/Taras_saudi,Taras_saudi,2024-11-03T13:30:03+00:00,9980,"ููุตุฉ ุชุฑุณ ุงูุณุนูุฏูุฉ
  
  ุดุฑูู ุชุจุญุซ ุนู ูุฏูุฑ ุงู ุงุฎุตุงุฆู ููุงุฑุฏ ุจุดุฑูู (ุงูุซู) - ููุตุฉ ุชุฑุณ ุงูุณุนูุฏูุฉ
  ูุฏููุง ุฎุจุฑู ุฌูุฏู ูู ุงูููุตุงุช ุงูุญููููุฉ ูุงูุฑูุงุชุจ ูุฏุนู ุงูุชูุทูู ููุฏู ุงูุนูู ุดูุช ูุงุญุฏ ุตุจุงุญู ูฆ ุงูุงู โ ูจ ุณุงุนุงุช ุงููุจุงุดุฑู ููุฑุงู ุจุนุฏ ุงุฌุชูุงุฒ ุงูููุงุจูู",2024-11-06 00:54:00,ุดุฑูู ุชุจุญุซ ุนู ูุฏูุฑ ุงู ุงุฎุตุงุฆู ููุงุฑุฏ ุจุดุฑูู (ุงูุซู)- ูุฏููุง ุฎุจุฑู ุฌูุฏู ูู ุงูููุตุงุช ุงูุญููููุฉ ูุงูุฑูุงุชุจ ูุฏุนู ุงูุชูุทูู ููุฏู- ุงูุนูู ุดูุช ูุงุญุฏ ุตุจุงุญู- ูฆ ุงูุงู โ ูจ ุณุงุนุงุช- ุงููุจุงุดุฑู ููุฑุงู ุจุนุฏ ุงุฌุชูุงุฒ ุงูููุงุจููููุชูุฏูู : (https://tarasjobs.com/job/968/)ุงูุดุฑ ุณูุฑุชู ุงูุฐุงุชูุฉ ุนูุฏ 3000 ุดุฑูุฉ :Tarasksa.com,2.2K
ููุตุฉ ุชุฑุณ | JOBS,https://t.me/Taras_saudi,Taras_saudi,2024-11-04T13:51:49+00:00,9994,"ููุตุฉ ุชุฑุณ ุงูุณุนูุฏูุฉ
  
  ุชุนูู ุดุฑูู ุจูุงุจุงุช ุงูุตุญุฉ ุงูุทุจูุฉ ุนู ุญุงุฌุชูุง ูุชุฎุตุตุงุช ุงูุชุงููู - ููุตุฉ ุชุฑุณ ุงูุณุนูุฏูุฉ
  ุทุจูุจ ููุณูุ ูุงุฆุจ ุูุงุฆุจ ุงูู ุงูุดุฑูุท : ุชุตููู ูููู ุณุงุฑู ุงูููุนูู",2024-11-06 00:54:00,ุชุนูู ุดุฑูู ุจูุงุจุงุช ุงูุตุญุฉ ุงูุทุจูุฉ ุนู ุญุงุฌุชูุง ูุชุฎุตุตุงุช ุงูุชุงูููุทุจูุจ ููุณูุ ูุงุฆุจ ุูุงุฆุจ ุงููุงูุดุฑูุท :- ุชุตููู ูููู ุณุงุฑู ุงูููุนููููุชูุฏูู : (https://tarasjobs.com/job/979/)ุงูุดุฑ ุณูุฑุชู ุงูุฐุงุชูุฉ ุนูุฏ 3000 ุดุฑูุฉ :Tarasksa.com,1.7K
ููุตุฉ ุชุฑุณ | JOBS,https://t.me/Taras_saudi,Taras_saudi,2024-11-04T13:55:45+00:00,9996,"ููุตุฉ ุชุฑุณ ุงูุณุนูุฏูุฉ
  
  ูุฑุตุฉ ูุธูููุฉ ูู ููุงูุฉ ุฅุจุฏุงุนูุฉ - ููุตุฉ ุชุฑุณ ุงูุณุนูุฏูุฉ
  ุดุฑูุฉ Fiftyfive ุชุนูู ุนู ุชููุฑ ุดุงุบุฑ ูุธููู ููููุตุจ โsenior graphic designerโ ุงููุชุทูุจุงุช: ุฎุจุฑุฉ ุณุงุจูุฉ ูู ุงูุนูู ูุน ููุงูุงุช ุฅุจุฏุงุนูุฉ ูุจุญุซ ุนู ูุฑุดุญ ูุชูุชุน ุจุฎุจุฑุฉ ุนูููุฉ ุจุงูุนูู ุนูู ูุดุงุฑูุน ุชุทููุฑ ูููุฉ ูุฌูุงุช ุญููููุฉ ูุดุฑูุงุช ูุจุฑู ุฎุจุฑุฉ ุจุงูุนูู ุนูู ูุดุงุฑูุน ุญููุงุช ุฅุนูุงููุฉ ุณููุงุช ุงูุฎุจุฑุฉ:โฆ",2024-11-06 00:54:00,ูุฑุตุฉ ูุธูููุฉ ูู ููุงูุฉ ุฅุจุฏุงุนูุฉุดุฑูุฉ Fiftyfive ุชุนูู ุนู ุชููุฑ ุดุงุบุฑ ูุธููู ููููุตุจ โsenior graphic designerโุงููุชุทูุจุงุช:- ุฎุจุฑุฉ ุณุงุจูุฉ ูู ุงูุนูู ูุน ููุงูุงุช ุฅุจุฏุงุนูุฉ- ูุจุญุซ ุนู ูุฑุดุญ ูุชูุชุน ุจุฎุจุฑุฉ ุนูููุฉ ุจุงูุนูู ุนูู ูุดุงุฑูุน ุชุทููุฑ ูููุฉ ูุฌูุงุช ุญููููุฉ ูุดุฑูุงุช ูุจุฑู- ุฎุจุฑุฉ ุจุงูุนูู ุนูู ูุดุงุฑูุน ุญููุงุช ุฅุนูุงููุฉ- ุณููุงุช ุงูุฎุจุฑุฉ: ูฃ+ููุชูุฏูู : (https://tarasjobs.com/job/981/)ุงูุดุฑ ุณูุฑุชู ุงูุฐุงุชูุฉ ุนูุฏ 3000 ุดุฑูุฉ :Tarasksa.com,1.8K
ููุตุฉ ุชุฑุณ | JOBS,https://t.me/Taras_saudi,Taras_saudi,2024-11-04T14:02:10+00:00,9998,"ููุตุฉ ุชุฑุณ ุงูุณุนูุฏูุฉ
  
  ูุทููุจ ููุนูู ูู ุงุญุฏ ูุณุชุดููุงุช - ููุตุฉ ุชุฑุณ ุงูุณุนูุฏูุฉ
  ุงุฎุตุงุฆู/ุฉ ููุงูุญุฉ ุงูุนุฏูู ุงูุดุฑูุท : ุฎุจุฑุฉ ูุง ุชูู ุนู 5 ุณููุงุช ุณุนูุฏู ุงูุฌูุณูุฉ",2024-11-06 00:54:00,ูุทููุจ ููุนูู ูู ุงุญุฏ ูุณุชุดููุงุชุงุฎุตุงุฆู/ุฉ ููุงูุญุฉ ุงูุนุฏููุงูุดุฑูุท :- ุฎุจุฑุฉ ูุง ุชูู ุนู 5 ุณููุงุช- ุณุนูุฏู ุงูุฌูุณูุฉููุชูุฏูู : (https://tarasjobs.com/job/983/)ุงูุดุฑ ุณูุฑุชู ุงูุฐุงุชูุฉ ุนูุฏ 3000 ุดุฑูุฉ :Tarasksa.com,2.3K
ููุตุฉ ุชุฑุณ | JOBS,https://t.me/Taras_saudi,Taras_saudi,2024-11-05T11:23:18+00:00,10001,"ููุตุฉ ุชุฑุณ ุงูุณุนูุฏูุฉ
  
  ุชุนูู ุฅุญุฏู ุงูุดุฑูุงุช ุงูุฑุงุฆุฏุฉ ูู ูุทุงุน ุงูููุงุฏ ุงูุงุณุชููุงููุฉ ุนู ุชููุฑ ุดุงุบุฑ ูุธููู : - ููุตุฉ ุชุฑุณ ุงูุณุนูุฏูุฉ
  ุจูุณูู : Talent Acquisition Coordinator ุงูุนูู ูฆ ุฃููุงู ูู ุงูุฃุณุจูุน ูุชุทูุจุงุช: ุฎุจุฑุฉ ูู ูฆ ุดููุฑ ุงูู ุณูุฉ ูู ุงูุชูุธูู. ูุบุฉ ุฅูุฌููุฒูุฉ ูุชูุณุทุฉ ุชุญุฏุซุงู ููุชุงุจุฉ. ุฎุฑูุฌ ุจูุงููุฑููุณ ููุงุฑุฏ ุจุดุฑูุฉ ุงู ุฅุฏุงุฑุฉ ุงุนูุงู.",2024-11-06 00:54:00,ุชุนูู ุฅุญุฏู ุงูุดุฑูุงุช ุงูุฑุงุฆุฏุฉ ูู ูุทุงุน ุงูููุงุฏ ุงูุงุณุชููุงููุฉ ุนู ุชููุฑ ุดุงุบุฑ ูุธููู :ุจูุณูู : Talent Acquisition Coordinatorุงูุนูู ูฆ ุฃููุงู ูู ุงูุฃุณุจูุนูุชุทูุจุงุช:- ุฎุจุฑุฉ ูู ูฆ ุดููุฑ ุงูู ุณูุฉ ูู ุงูุชูุธูู.- ูุบุฉ ุฅูุฌููุฒูุฉ ูุชูุณุทุฉ ุชุญุฏุซุงู ููุชุงุจุฉ.- ุฎุฑูุฌ ุจูุงููุฑููุณ ููุงุฑุฏ ุจุดุฑูุฉ ุงู ุฅุฏุงุฑุฉ ุงุนูุงู.ููุชูุฏูู : (https://tarasjobs.com/job/985/)ุงูุดุฑ ุณูุฑุชู ุงูุฐุงุชูุฉ ุนูุฏ 3000 ุดุฑูุฉ :Tarasksa.com,1.3K
ููุตุฉ ุชุฑุณ | JOBS,https://t.me/Taras_saudi,Taras_saudi,2024-11-03T13:43:48+00:00,9983,"ููุตุฉ ุชุฑุณ ุงูุณุนูุฏูุฉ
  
  ุชุนูู ุดุฑูุฉ ุงูุณููุงู ููุชุฌุงุฑุฉ ุนู ุชููุฑ ุดุงุบุฑ ูุธููู ุจูุณูู ุงุฎุตุงุฆู ูุจูุนุงุช - ููุตุฉ ุชุฑุณ ุงูุณุนูุฏูุฉ
  ุงูุดุฑูุท : ุณุนูุฏู ุงูุฌูุณูุฉ",2024-11-06 00:54:00,ุชุนูู ุดุฑูุฉ ุงูุณููุงู ููุชุฌุงุฑุฉ ุนู ุชููุฑ ุดุงุบุฑ ูุธููู ุจูุณูู ุงุฎุตุงุฆู ูุจูุนุงุชุงูุดุฑูุท :- ุณุนูุฏู ุงูุฌูุณูุฉููุชูุฏูู : (https://tarasjobs.com/job/971/)ุงูุดุฑ ุณูุฑุชู ุงูุฐุงุชูุฉ ุนูุฏ 3000 ุดุฑูุฉ :Tarasksa.com,1.9K
ููุตุฉ ุชุฑุณ | JOBS,https://t.me/Taras_saudi,Taras_saudi,2024-11-05T11:29:37+00:00,10003,"ููุตุฉ ุชุฑุณ ุงูุณุนูุฏูุฉ
  
  ูุทููุจ ูุฏู ุดุฑูุฉ ุชุดุบูู ูุตูุงูุฉ - ููุตุฉ ุชุฑุณ ุงูุณุนูุฏูุฉ
  โ ูุฏูุฑ ุชุณููู โ ุงุฎุตุงุฆู ุชุณููู -ุชุณููู ููุฏุงูู ุงูุดุฑูุท : ุฎุจุฑุฉ ูุง ุชูู ุนู ูฃ ุณููุงุช",2024-11-06 00:54:00,ูุทููุจ ูุฏู ุดุฑูุฉ ุชุดุบูู ูุตูุงูุฉโ ูุฏูุฑ ุชุณูููโ ุงุฎุตุงุฆู ุชุณููู-ุชุณููู ููุฏุงููุงูุดุฑูุท :- ุฎุจุฑุฉ ูุง ุชูู ุนู ูฃ ุณููุงุชููุชูุฏูู : (https://tarasjobs.com/job/987/)ุงูุดุฑ ุณูุฑุชู ุงูุฐุงุชูุฉ ุนูุฏ 3000 ุดุฑูุฉ :Tarasksa.com,945
ููุตุฉ ุชุฑุณ | JOBS,https://t.me/Taras_saudi,Taras_saudi,2024-11-05T11:19:56+00:00,10000,,2024-11-06 00:54:00,ุดุฑูุฉ ุงุณุชุซูุงุฑูุฉ ูุฏููุง ุดูุงุบุฑ ูุธูููู โ ูููุง ุงูุฌูุณููู โ ุณุนูุฏููู ููุทูุฏูุฑ ุนูุงูู :- ุฎุจุฑู ูุง ุชูู ุนู ุณูู ูู ููุณ ุงููุฌุงู- ููุถู ุฎุจุฑู ูู ุดุฑูุงุช ุงูุชููููููุชูุฏูู : (https://tarasjobs.com/job/984/)ุงูุดุฑ ุณูุฑุชู ุงูุฐุงุชูุฉ ุนูุฏ 3000 ุดุฑูุฉ :Tarasksa.com,1.3K
ููุตุฉ ุชุฑุณ | JOBS,https://t.me/Taras_saudi,Taras_saudi,2024-11-05T11:35:21+00:00,10005,"ููุตุฉ ุชุฑุณ ุงูุณุนูุฏูุฉ
  
  ุชุนูู ุงุญุฏู ุดุฑูุงุช ุงูุชุทููุฑ ูุงูุงุณุชุซูุงุฑ ุงูุนูุงุฑู ุนู ุชููุฑ ุดุงุบุฑ ูุธููู ุจูุณูู ( ูููุฏุณ ูููุน ) - ููุตุฉ ุชุฑุณ ุงูุณุนูุฏูุฉ
  ุจูุงููุฑููุณ ูู ุงูููุฏุณุฉ ุงููุฏููุฉ ุงูุดุฑูุท : ุงู ูููู ูุฏู ุงููุชูุฏู ุฎุจุฑุฉ ูู 3 ุงูู 7 ุณููุงุช ุงูุฏุงูุน ูุงูุนูู ุงูุฌุงุฏ ูุน ุงููุณุคูููุฉ ุงููุชุงุจุนุฉ ูุงูุฑูุงุจุฉ ุนูู ุงูุฌูุฏุฉ",2024-11-06 00:54:00,ุชุนูู ุงุญุฏู ุดุฑูุงุช ุงูุชุทููุฑ ูุงูุงุณุชุซูุงุฑ ุงูุนูุงุฑู ุนู ุชููุฑ ุดุงุบุฑ ูุธููู ุจูุณูู  ( ูููุฏุณ ูููุน )ุจูุงููุฑููุณ ูู ุงูููุฏุณุฉ ุงููุฏููุฉุงูุดุฑูุท :- ุงู ูููู ูุฏู ุงููุชูุฏู ุฎุจุฑุฉ ูู 3 ุงูู 7 ุณููุงุช- ุงูุฏุงูุน ูุงูุนูู ุงูุฌุงุฏ ูุน ุงููุณุคูููุฉ- ุงููุชุงุจุนุฉ ูุงูุฑูุงุจุฉ ุนูู ุงูุฌูุฏุฉููุชูุฏูู : (https://tarasjobs.com/job/989/)ุงูุดุฑ ุณูุฑุชู ุงูุฐุงุชูุฉ ุนูุฏ 3000 ุดุฑูุฉ :Tarasksa.com,956
ููุตุฉ ุชุฑุณ | JOBS,https://t.me/Taras_saudi,Taras_saudi,2024-11-05T11:40:38+00:00,10008,"ููุตุฉ ุชุฑุณ ุงูุณุนูุฏูุฉ
  
  ูุทููุจ ูุณุคูู ุนูุงูุงุช ุนุงูุฉ - ููุตุฉ ุชุฑุณ ุงูุณุนูุฏูุฉ
  ุงูุดุฑูุท: ูุบุฉ ุงูุฌููุฒูุฉ ููุชุงุฒุฉ ุงููุฏุฑุฉ ุนูู ุงุณุชุฎุฏุงู ุงูุญุงุณุจ ุงูุงูู (ุงูุณู) ููุงุฑุฉ ุนุงููุฉ ุจูุชุงุจุฉ ุงูุชูุงุฑูุฑ",2024-11-06 00:54:00,ูุทููุจ ูุณุคูู ุนูุงูุงุช ุนุงูุฉุงูุดุฑูุท:- ูุบุฉ ุงูุฌููุฒูุฉ ููุชุงุฒุฉ- ุงููุฏุฑุฉ ุนูู ุงุณุชุฎุฏุงู ุงูุญุงุณุจ ุงูุงูู (ุงูุณู)- ููุงุฑุฉ ุนุงููุฉ ุจูุชุงุจุฉ ุงูุชูุงุฑูุฑููุชูุฏูู : (https://tarasjobs.com/job/992/)ุงูุดุฑ ุณูุฑุชู ุงูุฐุงุชูุฉ ุนูุฏ 3000 ุดุฑูุฉ :Tarasksa.com,1.1K
ููุตุฉ ุชุฑุณ | JOBS,https://t.me/Taras_saudi,Taras_saudi,2024-11-05T11:37:27+00:00,10006,"ููุตุฉ ุชุฑุณ ุงูุณุนูุฏูุฉ
  
  ุดุงุบุฑ ูุธููู ููุฌูุณูู ุจูุณูู ุฃุฎุตุงุฆู ูุจูุนุงุช - ููุตุฉ ุชุฑุณ ุงูุณุนูุฏูุฉ
  ุงููุชุทูุจุงุช: ููุดุชุฑุท ุณุนูุฏู ุงูุฌูุณูุฉ ุญุฏูุซ ุชุฎุฑุฌ ูุง ูุดุชุฑุท ุฎุจุฑุฉ ูุคูู ุจูุงููุฑููุณ ูู ุงูุชุณููู ุฃู ุงูุฅุฏุงุฑุฉ",2024-11-06 00:54:00,ุดุงุบุฑ ูุธููู ููุฌูุณูู ุจูุณูู ุฃุฎุตุงุฆู ูุจูุนุงุชุงููุชุทูุจุงุช:- ููุดุชุฑุท ุณุนูุฏู ุงูุฌูุณูุฉ- ุญุฏูุซ ุชุฎุฑุฌ ูุง ูุดุชุฑุท ุฎุจุฑุฉ- ูุคูู ุจูุงููุฑููุณ ูู ุงูุชุณููู ุฃู ุงูุฅุฏุงุฑุฉููุชูุฏูู : (https://tarasjobs.com/job/990/)ุงูุดุฑ ุณูุฑุชู ุงูุฐุงุชูุฉ ุนูุฏ 3000 ุดุฑูุฉ :Tarasksa.com,981
ููุตุฉ ุชุฑุณ | JOBS,https://t.me/Taras_saudi,Taras_saudi,2024-11-05T11:26:22+00:00,10002,"ููุตุฉ ุชุฑุณ ุงูุณุนูุฏูุฉ
  
  ุงุนูุงู ุนู ูุธุงุฆู ุดุงุบุฑุฉ - ููุตุฉ ุชุฑุณ ุงูุณุนูุฏูุฉ
  ุงููุณูู ุงููุธููู : ูก-ูุดุฑู ูุญุทุฉ ูุฌุงุฑู / ุงูุงุดุฑุงู ุนูู ูุญุทุงุช ุงููุฌุงุฑู ููุถุฎุงุช ุงูุฏูุน ูข-ูุดุบู ูุญุทุฉ ุบุงุฒ / ุตูุงูุฉ ูุญุทุงุช ุงูุบุงุฒ ูุถูุงุบุท ุงูููุงุก ูฃ-ููู ุณุจุงูุฉ / ุตูุงูุฉ ูุงุตูุงุญ ุดุจูุงุช ุงูููุงู ูุงูุตุฑู ุงูุตุญู ุงููุชุทูุจุงุช: ุฎุจุฑุฉ ูุง ุชูู ุนู ุณูุฉ ุฏุจููู ููู : ูููุงูููุง ุงู ุณุจุงูุฉ ุณุนูุฏู ุงูุฌูุณูุฉ",2024-11-06 00:54:00,ุงุนูุงู ุนู ูุธุงุฆู ุดุงุบุฑุฉุงููุณูู ุงููุธููู :ูก-ูุดุฑู ูุญุทุฉ ูุฌุงุฑู / ุงูุงุดุฑุงู ุนูู ูุญุทุงุช ุงููุฌุงุฑู ููุถุฎุงุช ุงูุฏูุนูข-ูุดุบู ูุญุทุฉ ุบุงุฒ / ุตูุงูุฉ ูุญุทุงุช ุงูุบุงุฒ ูุถูุงุบุท ุงูููุงุกูฃ-ููู ุณุจุงูุฉ / ุตูุงูุฉ ูุงุตูุงุญ ุดุจูุงุช ุงูููุงู ูุงูุตุฑู ุงูุตุญูุงููุชุทูุจุงุช:- ุฎุจุฑุฉ ูุง ุชูู ุนู ุณูุฉ- ุฏุจููู ููู : ูููุงูููุง ุงู ุณุจุงูุฉ- ุณุนูุฏู ุงูุฌูุณูุฉููุชูุฏูู : (https://tarasjobs.com/job/986/)ุงูุดุฑ ุณูุฑุชู ุงูุฐุงุชูุฉ ุนูุฏ 3000 ุดุฑูุฉ :Tarasksa.com,1.0K
ููุตุฉ ุชุฑุณ | JOBS,https://t.me/Taras_saudi,Taras_saudi,2024-11-04T15:33:10+00:00,9999,"Google Docs
  
  ููุชูู ูููุชู ููุฃุดุฎุงุต ุฐูู ุงูุฅุนุงูุฉ
  ุฅูุทูุงูุงู ูุญุฑุตุงู ูู ูุคุณุณุฉ ุณุนู ูุชุฃููู ูุชูุธูู ุงูุฃุดุฎุงุต ุฐูู ุงูุฅุนุงูุฉ ูุนุฏ ููุชูู (ูููุชู ) ุจูุณุฎุชู ุงูุซุงููุฉ ูู ููุทูุฉ ุงูุดุฑููุฉ ุชุญุช ุฑุนุงูุฉ ุดุฎุตูุฉ ุฅุนุชุจุงุฑูุฉ ุ ููุชูู ูุฑูุฏ ูู ููุนู ูุฌูุน ุฃุตุญุงุจ ุงูุนูู ู ุงูููุดุขุช ูุงูุจุงุญุซูู ุนู ุงูุนูู ูู ุฐูู ุงูุฅุนุงูุฉ ุ ูู ุชุงุฑูุฎ  4 ุ 5 / ุฏูุณูุจุฑ 2024 ูโฆ",2024-11-06 00:54:00,ุฅูุทูุงูุงู ูุญุฑุตุงู ูู ูุคุณุณุฉ ุณุนู ูุชุฃููู ูุชูุธูู ุงูุฃุดุฎุงุต ุฐูู ุงูุฅุนุงูุฉ ูุนุฏ ููุชูู (ูููุชู ) ุจูุณุฎุชู ุงูุซุงููุฉ ูู ููุทูุฉ ุงูุดุฑููุฉhttps://docs.google.com/forms/d/e/1FAIpQLSeEpfBpOWE0mjJITWgU5TvdZhihbdjE6ZJBQf2aTHcXgUTbXg/viewform?pli=1,2.2K
ููุตุฉ ุชุฑุณ | JOBS,https://t.me/Taras_saudi,Taras_saudi,2024-11-05T11:38:55+00:00,10007,"ููุตุฉ ุชุฑุณ ุงูุณุนูุฏูุฉ
  
  ุดุฑูุฉ ุชุจุญุซ ุนู ูููุฏุณูู ุณุนูุฏููู - ููุตุฉ ุชุฑุณ ุงูุณุนูุฏูุฉ
  ูุฏูู โ ููุฑุจุงุฆู โ ูุดุงุฑูุน ุฎุจุฑุฉ ูุง ุชูู ุนู ุณูุชูู",2024-11-06 00:54:00,ุดุฑูุฉ ุชุจุญุซ ุนู ูููุฏุณูู ุณุนูุฏููููุฏูู โ ููุฑุจุงุฆู โ ูุดุงุฑูุนุฎุจุฑุฉ ูุง ุชูู ุนู ุณูุชููููุชูุฏูู : (https://tarasjobs.com/job/991/)ุงูุดุฑ ุณูุฑุชู ุงูุฐุงุชูุฉ ุนูุฏ 3000 ุดุฑูุฉ :Tarasksa.com,1.0K
ููุตุฉ ุชุฑุณ | JOBS,https://t.me/Taras_saudi,Taras_saudi,2024-11-05T11:31:54+00:00,10004,"ููุตุฉ ุชุฑุณ ุงูุณุนูุฏูุฉ
  
  ุดุงุบุฑ ูุธููู ูู ูุฌุงู ุงูุชุฑููุฉ ุจูุณูู ูุดุฑูุฉ ุงุทูุงู - ููุตุฉ ุชุฑุณ ุงูุณุนูุฏูุฉ
  ุงูุดุฑูุท: ุงููุคูู: ุฏุจููู โ ุจูุงููุฑููุณ (ุฑูุงุถ ุงุทูุงู-ุทูููุฉ ูุจูุฑุฉ-ุฏุฑุงุณุงุช ุทูููุฉ) ุงู ุฃู ุชุฎุตุต ุฐู ุตูุฉ ุงูุฌูุณูุฉ ุณุนูุฏูุฉ ูููุถูู ูู ูุฏููุง ุฎุจุฑุฉ ูู ูุฌุงู ุงูุชุฑููู ุงู ูุฌุงู ุงูุฃุทูุงู ุญุณูุฉ ุงููุธูุฑ",2024-11-06 00:54:00,ุดุงุบุฑ ูุธููู ูู ูุฌุงู ุงูุชุฑููุฉ ุจูุณูู ูุดุฑูุฉ ุงุทูุงูุงูุดุฑูุท:- ุงููุคูู: ุฏุจููู โ ุจูุงููุฑููุณ (ุฑูุงุถ ุงุทูุงู-ุทูููุฉ ูุจูุฑุฉ-ุฏุฑุงุณุงุช ุทูููุฉ) ุงู ุฃู ุชุฎุตุต ุฐู ุตูุฉ- ุงูุฌูุณูุฉ ุณุนูุฏูุฉ- ูููุถูู ูู ูุฏููุง ุฎุจุฑุฉ ูู ูุฌุงู ุงูุชุฑููู ุงู ูุฌุงู ุงูุฃุทูุงู- ุญุณูุฉ ุงููุธูุฑููุชูุฏูู : (https://tarasjobs.com/job/988/)ุงูุดุฑ ุณูุฑุชู ุงูุฐุงุชูุฉ ุนูุฏ 3000 ุดุฑูุฉ :Tarasksa.com,953
ููุตุฉ ุชุฑุณ | JOBS,https://t.me/Taras_saudi,Taras_saudi,2024-11-03T14:08:55+00:00,9988,"ููุตุฉ ุชุฑุณ ุงูุณุนูุฏูุฉ
  
  ุชุนูู ุดุฑูุฉ ุฑุงุฆุฏุฉ ูู ูุฌุงููุง ุนู ุชููุฑ ุดุงุบุฑ ุฃุฎุตุงุฆูุฉ ูุดุชุฑูุงุช - ููุตุฉ ุชุฑุณ ุงูุณุนูุฏูุฉ
  ูุชุทูุจุงุช ุงููุธููุฉ: ุณุนูุฏู/ุฉ ุญุงุตู/ุฉ ุนูู ุจูุงููุฑููุณ ุงู ุฏุจููู ูู ุงููุดุชุฑูุงุช ุณููุงุช ุงูุฎุจุฑุฉ: ุณูุฉ ููุถู ุงููุนุฑูุฉ ุจุงููุบุฉ ุงูุฅูุฌููุฒูุฉ",2024-11-06 00:54:00,ุชุนูู ุดุฑูุฉ ุฑุงุฆุฏุฉ ูู ูุฌุงููุง ุนู ุชููุฑ ุดุงุบุฑ  ุฃุฎุตุงุฆูุฉ ูุดุชุฑูุงุชูุชุทูุจุงุช ุงููุธููุฉ:- ุณุนูุฏู/ุฉ- ุญุงุตู/ุฉ ุนูู ุจูุงููุฑููุณ ุงู ุฏุจููู ูู ุงููุดุชุฑูุงุช- ุณููุงุช ุงูุฎุจุฑุฉ: ุณูุฉ- ููุถู ุงููุนุฑูุฉ ุจุงููุบุฉ ุงูุฅูุฌููุฒูุฉููุชูุฏูู : (https://tarasjobs.com/job/976/)ุงูุดุฑ ุณูุฑุชู ุงูุฐุงุชูุฉ ุนูุฏ 3000 ุดุฑูุฉ :Tarasksa.com,3.2K
ููุตุฉ ุชุฑุณ | JOBS,https://t.me/Taras_saudi,Taras_saudi,2024-11-05T12:02:46+00:00,10009,"ููุตุฉ ุชุฑุณ ุงูุณุนูุฏูุฉ
  
  ุดุฑูุฉ ุชุญุตูู ูุงูู ุชุนูู ุนู ุชููุฑ ูุฑุต ูุธุงุฆู ุดุงุบุฑุฉ ููููุงุฏุฑ ุงูุณุนูุฏูุฉ ููุท ุนูู ูุธุงุฆู (ูุญุงุณุจูู) - ููุตุฉ ุชุฑุณ ุงูุณุนูุฏูุฉ
  ุงูุดุฑูุท : ุฎุจุฑู 4 ุณููุงุช ูุงูุซุฑ ูู ูุฌุงู ุงููุญุงุณุจุฉ ุฏุจููู ุงู ุจูุงููุฑููุณ ูุญุงุณุจุฉ",2024-11-06 00:54:00,ุฅุนูุงู ูุธููุฉ: ูุณุคูู/ุฉ ุชุทููุฑ ุงูุฃุนูุงููุตู ุงููุธููุฉ:ูุจุญุซ ุนู ูุณุคูู/ุฉ ุชุทููุฑ ุฃุนูุงู ูุฏุนู ููู ุงูุดุฑูุฉ ุนุจุฑ ุงุณุชูุดุงู ูุฑุต ุฌุฏูุฏุฉ ูุจูุงุก ุนูุงูุงุช ูุน ุงูุนููุงุก ูุงูุดุฑูุงุกุจูุงุก ุนูุงูุงุช ูููุฉ ูุน ุงูุนููุงุก ูุงูุดุฑูุงุกุชุญููู ุงูุฃุณูุงู ูุงูุงุชุฌุงูุงุชุฅุนุฏุงุฏ ุชูุงุฑูุฑ ุฏูุฑูุฉ ูุชูุฏูู ุนุฑูุถ ููุนููุงุกุงููุชุทูุจุงุช:- ุจูุงููุฑููุณ ูู ุฅุฏุงุฑุฉ ุงูุฃุนูุงู ุฃู ูุฌุงู ุฐู ุตูุฉ- ุฎุจุฑุฉ ูฃ ุณููุงุช ูู ุชุทููุฑ ุงูุฃุนูุงู- ููุงุฑุงุช ุชูุงุตู ูุชุญูููโฆููุชูุฏูู : (https://tarasjobs.com/job/993/)ุงูุดุฑ ุณูุฑุชู ุงูุฐุงุชูุฉ ุนูุฏ 3000 ุดุฑูุฉ :Tarasksa.com,1.5K
