authorFollowersCount,authorHeadline,authorName,authorProfileId,authorProfileUrl,authorType,image,inputUrl,isRepost,postedAtISO,postedAtTimestamp,scrappingDate,text,timeSincePosted,url,urn
5K,,فرص عمل الكويت,%D9%81%D8%B1%D8%B5-%D8%B9%D9%85%D9%84-%D8%A7%D9%84%D9%83%D9%88%D9%8A%D8%AA,https://www.linkedin.com/company/%D9%81%D8%B1%D8%B5-%D8%B9%D9%85%D9%84-%D8%A7%D9%84%D9%83%D9%88%D9%8A%D8%AA/,Company,,https://www.linkedin.com/search/results/content/?datePosted=past-24h&keywords=جدة اعلان&sortBy=%22date_posted%22,False,2024-11-01T12:51:42.307Z,1730465502307,2024-11-01 18:26:39,"اعلان وظيفة استشاري مبيعات في الكويت براتب مجزي لكل الجنسيات

للتفاصيل: https://lnkd.in/dZhWhjRi







#وظائف #وظائف #البحرين #وظائف_البحرين #وظائف_شركات_البحرين #وظائف_البحرين_للأجانب #الإبداع #الإبداع #recruitment #وظائف #jobs #recruiting #توظيف #careers #hr #السعودية #job #search #وظائف_الشرقية #وظيفة_شاغرة #التوظيف #وظيفه #وظائف_اليوم #وظائف_الرياض #hunting #توطين #وظائف_إدارية #الرياض #طاقات #saudi #ساعد_تتساعد #riyadh #الموارد_البشرية #بنك_الرياض #جدة #عاجل #الامارات #عمان #هام #humanresources #قطر #خبر #وظائف_السعودية #الدمام #وظائف_عمان #كلمني_عربي #السلطنة #humanresources #وظيفة #اللغة #qatar #oil #work #banque #petroleum #people #الطب #energy #الطيران #amazon #development #الصحة #markets #hotels #accorhotels #hospital #الأبحاث #egypt #airlines #oilandgas #الكويت #وظائف_الكويت #وظائف_تدريس #معلمين #قطر #وظائف_قطر #وظائف_الدوحة",3h,https://www.linkedin.com/feed/update/urn:li:activity:7258098378188750849?updateEntityUrn=urn%3Ali%3Afs_updateV2%3A%28urn%3Ali%3Aactivity%3A7258098378188750849%2CFEED_DETAIL%2CEMPTY%2CDEFAULT%2Cfalse%29,urn:li:activity:7258098378188750849
,منشئ محتوي رقمي,Ahmed Magdi,ACoAAEiBC7YBIX5A-ghl7MX475hmv8roDWNntf8,https://www.linkedin.com/in/ACoAAEiBC7YBIX5A-ghl7MX475hmv8roDWNntf8?miniProfileUrn=urn%3Ali%3Afs_miniProfile%3AACoAAEiBC7YBIX5A-ghl7MX475hmv8roDWNntf8,Person,,https://www.linkedin.com/search/results/content/?datePosted=past-24h&keywords=جدة اعلان&sortBy=%22date_posted%22,False,2024-11-01T12:50:46.190Z,1730465446190,2024-11-01 18:26:39,"اعلان وظيفة استشاري مبيعات في الكويت براتب مجزي لكل الجنسيات

للتفاصيل: https://lnkd.in/ddrG8SQW







#وظائف #وظائف #البحرين #وظائف_البحرين #وظائف_شركات_البحرين #وظائف_البحرين_للأجانب #الإبداع #الإبداع #recruitment #وظائف #jobs #recruiting #توظيف #careers #hr #السعودية #job #search #وظائف_الشرقية #وظيفة_شاغرة #التوظيف #وظيفه #وظائف_اليوم #وظائف_الرياض #hunting #توطين #وظائف_إدارية #الرياض #طاقات #saudi #ساعد_تتساعد #riyadh #الموارد_البشرية #بنك_الرياض #جدة #عاجل #الامارات #عمان #هام #humanresources #قطر #خبر #وظائف_السعودية #الدمام #وظائف_عمان #كلمني_عربي #السلطنة #humanresources #وظيفة #اللغة #qatar #oil #work #banque #petroleum #people #الطب #energy #الطيران #amazon #development #الصحة #markets #hotels #accorhotels #hospital #الأبحاث #egypt #airlines #oilandgas #الكويت #وظائف_الكويت #وظائف_تدريس #معلمين #قطر #وظائف_قطر #وظائف_الدوحة",3h,https://www.linkedin.com/feed/update/urn:li:activity:7258098142816964608?updateEntityUrn=urn%3Ali%3Afs_updateV2%3A%28urn%3Ali%3Aactivity%3A7258098142816964608%2CFEED_DETAIL%2CEMPTY%2CDEFAULT%2Cfalse%29,urn:li:activity:7258098142816964608
394K,,وظائف في الكويت,%D9%88%D8%B8%D8%A7%D8%A6%D9%81-%D8%A7%D9%84%D9%83%D9%88%D9%8A%D8%AA---kuwait-jobs,https://www.linkedin.com/company/%D9%88%D8%B8%D8%A7%D8%A6%D9%81-%D8%A7%D9%84%D9%83%D9%88%D9%8A%D8%AA---kuwait-jobs/,Company,https://media.licdn.com/dms/image/v2/D4D22AQF0dqpzhGbY7w/feedshare-shrink_2048_1536/feedshare-shrink_2048_1536/0/1730465428634?e=1733356800&v=beta&t=6WkYHieqwujkuSmnEW9skPnb32CTDO_b5iteU-hB8MI,https://www.linkedin.com/search/results/content/?datePosted=past-24h&keywords=جدة اعلان&sortBy=%22date_posted%22,False,2024-11-01T12:50:30.439Z,1730465430439,2024-11-01 18:26:39,"اعلان وظيفة استشاري مبيعات في الكويت براتب مجزي لكل الجنسيات

للتفاصيل: https://lnkd.in/dZhWhjRi







#وظائف #وظائف #البحرين #وظائف_البحرين #وظائف_شركات_البحرين #وظائف_البحرين_للأجانب #الإبداع #الإبداع #recruitment #وظائف #jobs #recruiting #توظيف #careers #hr #السعودية #job #search #وظائف_الشرقية #وظيفة_شاغرة #التوظيف #وظيفه #وظائف_اليوم #وظائف_الرياض #hunting #توطين #وظائف_إدارية #الرياض #طاقات #saudi #ساعد_تتساعد #riyadh #الموارد_البشرية #بنك_الرياض #جدة #عاجل #الامارات #عمان #هام #humanresources #قطر #خبر #وظائف_السعودية #الدمام #وظائف_عمان #كلمني_عربي #السلطنة #humanresources #وظيفة #اللغة #qatar #oil #work #banque #petroleum #people #الطب #energy #الطيران #amazon #development #الصحة #markets #hotels #accorhotels #hospital #الأبحاث #egypt #airlines #oilandgas #الكويت #وظائف_الكويت #وظائف_تدريس #معلمين #قطر #وظائف_قطر #وظائف_الدوحة",3h,https://www.linkedin.com/feed/update/urn:li:activity:7258098076752506880?updateEntityUrn=urn%3Ali%3Afs_updateV2%3A%28urn%3Ali%3Aactivity%3A7258098076752506880%2CFEED_DETAIL%2CEMPTY%2CDEFAULT%2Cfalse%29,urn:li:activity:7258098076752506880
