authorFollowersCount,authorHeadline,authorName,authorProfileId,authorProfileUrl,authorType,image,inputUrl,isRepost,postedAtISO,postedAtTimestamp,scrappingDate,text,timeSincePosted,title,url,urn
,Senior Advisor to H.E. the Minister | Board & NRC Member | SME in HR ูุณุชุดุงุฑ ุฃูู ูููุฒูุฑ | ุนุถู ูุฌูุณ ุฅุฏุงุฑุฉ | ุฑุฆูุณ ูุฌูุฉ ุงูุชุฑุดูุญุงุช ูุงูููุงูุขุช | ุฎุจูุฑ ููุงุฑุฏ ุจุดุฑูุฉ,Wael Albassam ูุงุฆู ุงูุจุณุงู,ACoAAALWCecBGowyptYXApFc9_kPESmOoHoiKqs,https://www.linkedin.com/in/ACoAAALWCecBGowyptYXApFc9_kPESmOoHoiKqs?miniProfileUrn=urn%3Ali%3Afs_miniProfile%3AACoAAALWCecBGowyptYXApFc9_kPESmOoHoiKqs,Person,https://media.licdn.com/dms/image/v2/D4D22AQFyYi-3FC83iA/feedshare-shrink_2048_1536/feedshare-shrink_2048_1536/0/1730460718352?e=1733356800&v=beta&t=OjMi0GUxc0e5cTe4mg1mzaQsZ-qpHvTwes6Pw8grv6o,https://www.linkedin.com/search/results/content/?datePosted=past-24h&keywords=ุงููุฏููุฉ ูุธููุฉ&sortBy=%22date_posted%22,False,2024-11-01T11:32:00.028Z,1730460720028,2024-11-01 14:39:24,"ุงููุฑุต ุงููุธูููุฉ.. ูุซู ุงูุฑุญูุงุช ุงูุฌููุฉุ ุงู ูุงุชุชู ุฑุญูุฉุ ูููุงู ุจุฏูู ุดู ุฑุญูุฉ ุฃุฎุฑู ุจุนุฏูุง!




ูู ุงูุชุดุจูู ูุชุทุงุจู ุชูุงูุง ูู ุฑุฃููุ ููู ุงููุฑุต ุฌููุนูุง ูุชูุงูุฆุฉุ






#ูุธููุฉ  #ูุธุงุฆู  #ุชูุธูู  #ุนูู  #ุดูุงุบุฑ  #ุชุฑููุฉ  #ุงูุณุนูุฏูุฉ #ุงูููููุฉ  #ุงูุฑูุงุถ #ุฌุฏุฉ  #ููุฉ  #ุงูุฏูุงู  #ุงูุฎุจุฑ  #ุงููุฏููุฉ  #ุญุงุฆู #ุงุจูุง  #ุงููุตูู  #ุนููุฒุฉ  #ุจุฑูุฏุฉ #ูุฌูุณ_ุงูุงุฏุงุฑุฉ #ูุฌูุฉ_ุงูุชุฑุดูุญุงุช_ูุงูููุงูุขุช 
โ   #saudi_arabia 
โ#saudi_jobs #saudi 
โ#nrc #bod #Board_of_directors
โ #KSA #KSAjobs 
โ#vision2030 
โ#nomination_committee 
โ#remuneration_committee
โ#work_environment 
#ุจูุฆุฉ_ุงูุนูู
#ูุตุงุฆุญ #ุฎุจุฑุงุช #ุชุฌุงุฑุจ #ุฎุฑูุฌูู #ุจุงุญุซูู_ุนู_ุนูู 

#ููููุฏุงู #ููููุฏ_ุงู 
โ#LinkedIn",1h,,https://www.linkedin.com/feed/update/urn:li:activity:7258078319856812032?updateEntityUrn=urn%3Ali%3Afs_updateV2%3A%28urn%3Ali%3Aactivity%3A7258078319856812032%2CFEED_DETAIL%2CEMPTY%2CDEFAULT%2Cfalse%29,urn:li:activity:7258078319856812032
97K,,Hires Me | ูุธููู,hiresmeai,https://www.linkedin.com/company/hiresmeai/,Company,,https://www.linkedin.com/search/results/content/?datePosted=past-24h&keywords=ุงููุฏููุฉ ูุธููุฉ&sortBy=%22date_posted%22,False,2024-11-01T11:00:12.138Z,1730458812138,2024-11-01 14:39:24,"โุชูุธูู ููุฑู 

- ุณูุฑุชูุฑ
โ
ุงูุฑูุงุถุ ุงููุฏููุฉ ุงูุตูุงุนูุฉ ุงูุซุงููุฉ

ุงููุชุทูุจุงุช:
โข ูุคูู ุนููู ููุงุณุจ ููุถู ุฎุฑูุฌ ูุบุฉ ุงูุฌููุฒูุฉ
โข โุฎุจุฑุฉ ูู ุชุฑุชูุจ ุงูุงุฌุชูุงุนุงุช ูุฌุฏููุชูุง 
โข โุงูุฎุจุฑุฉ 0-2 ุณูุชูู
โข โุงูุณูู ูู ุฌููุจ ุงู ุดุฑู ุงูุฑูุงุถ
โข โููุงุฑุงุช ุชูุงุตู ุนุงููุฉ 
โข โุงูุชุญุฏุซ ุจุงููุบุฉ ุงูุฅูุฌููุฒูุฉ ุจุทูุงูุฉ ููู ุฌุฏูุง

ููุชูุฏูู:
โูู ุญุงู ุชุทุงุจูุช ุงูุดุฑูุท ูุฑุฌู ุงุฑุณุงู ุงูุณูุฑุฉ ุงูุฐุงุชูุฉ ุนูู ุงูุงูููู ูุน ุฐูุฑ ุงููุณูู ุงููุธููู ูู ุงูุนููุงู:
โฆ recruitt.email@gmail.com


#ุงูุฑูุงุถ #ุงูุฏูุงู #ุฌุฏุฉ
#Saudi #ูุธุงุฆู_ุดุงุบุฑุฉ #ูุธุงุฆู #ูุธููุฉ #ุงูุณุนูุฏูุฉ 
----------------------------------------------------------
ุฎุฏูุฉ ุงุฑุณุงู ุณูุฑุชู ุงูุฐุงุชูุฉ ุงูู 3000 ุดุฑูุงุช ุงูุชูุธูู 
www.hiresme.ai",1h,,https://www.linkedin.com/feed/update/urn:li:activity:7258070317586112512?updateEntityUrn=urn%3Ali%3Afs_updateV2%3A%28urn%3Ali%3Aactivity%3A7258070317586112512%2CFEED_DETAIL%2CEMPTY%2CDEFAULT%2Cfalse%29,urn:li:activity:7258070317586112512
,ุงุฎุตุงุฆู ููุงุฑุฏ ุจุดุฑูุฉ ูู ุฌูุนูุฉ ุงููุฏููุฉ ููุชูุญุฏ hr,Rana Eid,ACoAAE1g5lIBiFuPEV_vdgb_uIa3lc3wk14LNJY,https://www.linkedin.com/in/ACoAAE1g5lIBiFuPEV_vdgb_uIa3lc3wk14LNJY?miniProfileUrn=urn%3Ali%3Afs_miniProfile%3AACoAAE1g5lIBiFuPEV_vdgb_uIa3lc3wk14LNJY,Person,,https://www.linkedin.com/search/results/content/?datePosted=past-24h&keywords=ุงููุฏููุฉ ูุธููุฉ&sortBy=%22date_posted%22,False,2024-11-01T09:45:25.496Z,1730454325496,2024-11-01 14:39:24,"ูุฑุญุจูุง ุจุงูุฌููุน. ุฃุจุญุซ ุนู ูุธููุฉ ุฌุฏูุฏุฉ ูุณุฃููู ููุชููุง ูุฏุนููู. ุฅุฐุง ุณูุนุชู ุนู ุฃู ูุฑุต ููููุฉ ุฃู ุฅุฐุง ููุชู ุชุฑุบุจูู ููุท ูู ุงูุงุทูุงุน ุนูู ุขุฎุฑ ุงููุณุชุฌุฏุงุชุ ูููุฑุฌู ุฅุฑุณุงู ุฑุณุงูุฉ ุฃู ูุชุงุจุฉ ุชุนููู ุฃุฏูุงู. ุฃุฑุบุจ ูู ุงูุชูุงุตู ูุนูู ูุฌุฏุฏูุง. #OpenToWork

ูุนูููุงุช ุญููู ูุญูู ูุง ุฃุจุญุซ ุนูู:
๐ผ ุฃุจุญุซ ุนู ูุธุงุฆู ุงูููุงุฑุฏ ุงูุจุดุฑูุฉ.
๐ ุฃูุง ูุชุงุญ ููุชูุงุตู ุจุดุฃู ุงููุธุงุฆู ูู Medina.
โญ ููุฏ ุนููุชู ุณุงุจููุง ูู ุฌูุนูุฉ ุงููุฏููุฉ ููุชูุญุฏ (ุชูููููููู).",2h,Rana is open to work,https://www.linkedin.com/feed/update/urn:li:activity:7258051499245584384?updateEntityUrn=urn%3Ali%3Afs_updateV2%3A%28urn%3Ali%3Aactivity%3A7258051499245584384%2CFEED_DETAIL%2CEMPTY%2CDEFAULT%2Cfalse%29,urn:li:activity:7258051499245584384
,Job Coach at Freelancer,ูุธููุฉ ุงูููุงูู,ACoAAFEMXS8BlakCf6rHb-UJO1wYlI8tWdMSm4o,https://www.linkedin.com/in/ACoAAFEMXS8BlakCf6rHb-UJO1wYlI8tWdMSm4o?miniProfileUrn=urn%3Ali%3Afs_miniProfile%3AACoAAFEMXS8BlakCf6rHb-UJO1wYlI8tWdMSm4o,Person,,https://www.linkedin.com/search/results/content/?datePosted=past-24h&keywords=ุงููุฏููุฉ ูุธููุฉ&sortBy=%22date_posted%22,False,2024-11-01T03:21:28.892Z,1730431288892,2024-11-01 14:39:24,"ูุธุงุฆู ุฎุงููุฉ

ูุดุฑูุฉ ูุฑูุน ุจุดุฑูุฉ ูู ุงูุงุญุณุงุก

ููุฌุฏ ุดุงุบุฑ ูุธููู ูุณุงุฆู ุจูุณูู ูุดุฑูุฉ ูุฑูุน ูู ูุฏููุฉ ุงูุงุญุณุงุก ููู ุงูุชูุงุตูู ุงูุชุงููุฉ:โข ุณุนูุฏูุฉ ุงูุฌูุณูุฉโข ุฎุจุฑู ูู ุงุฏุงุฑุฉ ุงููุฑูุนโข ุงูุชูุฑุบ ุงููุงูู ูููุธููุฉโข ุฑุฎุตุฉ ุณูุงูุฉ + ุชููุฑ ููุงุตูุงุชููุชูุฏูู ุงูุฑุฌุงุก ุงุฑุณุงู ุงูุณูุฑุฉ ุงูุฐุงุชูุฉ  ูุน ูุชุงุจุฉ  ุงุณู ุงููุธููุฉ + ุงููุฏููุฉ ุนูู ุฑูู ูุงุชุณ...

https://lnkd.in/eXZ63dw8

#ูุธุงุฆู_ุงูุณุนูุฏูุฉ

ูุธุงุฆู_ุงูุณุนูุฏูุฉ 

#ูุธุงุฆู #ูุธุงุฆู_ุฎุงููุฉ #ูุธููุฉ #ูุธููุฉ_ุงูููุงูู #ูุธุงุฆู_ูุตุฑ #ูุธุงุฆู_ุงูุณุนูุฏูุฉ #ูุธุงุฆู_ูุดุฑูุฉ ูุฑูุน ุจุดุฑูุฉ ูู ุงูุงุญุณุงุก #ูุธุงุฆู_ุงูุณุนูุฏูุฉ ",9h,ูุดุฑูุฉ ูุฑูุน ุจุดุฑูุฉ ูู ุงูุงุญุณุงุก,https://www.linkedin.com/feed/update/urn:li:activity:7257954876725325824?updateEntityUrn=urn%3Ali%3Afs_updateV2%3A%28urn%3Ali%3Aactivity%3A7257954876725325824%2CFEED_DETAIL%2CEMPTY%2CDEFAULT%2Cfalse%29,urn:li:activity:7257954876725325824
6K,,ุชูุธูู ุงูุณุนูุฏูุฉ | SAUDI HIRING,saudihiring,https://www.linkedin.com/company/saudihiring/,Company,,https://www.linkedin.com/search/results/content/?datePosted=past-24h&keywords=ุงููุฏููุฉ ูุธููุฉ&sortBy=%22date_posted%22,False,2024-10-31T21:25:01.039Z,1730409901039,2024-11-01 14:39:24,"โูุทููุจ ููุนูู ูู ูุตูุน ูู ุงููุฏููุฉ ุงูุตูุงุนูุฉ ุจุงูุฎุฑุฌ:

โฌ๏ธ ุงููุดุชุฑูุงุช
๐ ุงูุฎุฑุฌ
๐ด ุณุนูุฏู


โุงูุดุฑูุท:

- โุณุนูุฏู ุงูุฌูุณูุฉ
- โุจูุงููุฑููุณ 
- โูู ุณูุงู ูุญุงูุธุฉ ุงูุฎุฑุฌ


ููุชูุฏูู:

โุงูุฑุฌุงุก ุงุฑุณุงู ุงูุณูุฑุฉ ุฐุงุชูุฉ ุนูู ุงูุงูููู ูุน ูุชุงุจู ุงููุณูู ุงููุธููู ุจุงูุนููุงู : 

โโ HR.salleh4@gmail.com

๐ ุงูุถู ุงูู ูุฌููุนุชูุง ุนูู ุงูุชูููุฌุฑุงู ููุฒูุฏ ูู ุงูุดูุงุบุฑ ุงููุธูููุฉ
๐ (https://lnkd.in/dC2C8PGz)
#ูุธููุฉ #ุชูุธูู #ุงูุฎุจุฑ #ุงูุณุนูุฏูุฉ #ุงููุฌุชูุน_ุงููุธููู #ุดูุงุบุฑ #ุงูุฏูุงู",15h,,https://www.linkedin.com/feed/update/urn:li:activity:7257865169567895552?updateEntityUrn=urn%3Ali%3Afs_updateV2%3A%28urn%3Ali%3Aactivity%3A7257865169567895552%2CFEED_DETAIL%2CEMPTY%2CDEFAULT%2Cfalse%29,urn:li:activity:7257865169567895552
97K,,Hires Me | ูุธููู,hiresmeai,https://www.linkedin.com/company/hiresmeai/,Company,,https://www.linkedin.com/search/results/content/?datePosted=past-24h&keywords=ุงููุฏููุฉ ูุธููุฉ&sortBy=%22date_posted%22,False,2024-11-01T11:00:10.693Z,1730458810693,2024-11-01 14:39:24,"ุดุงุบุฑ ูุธููู ููุตูุน ูุณุงุฆู ูู ุงูุฑูุงุถ ุจูุณููโ
- ุนุงููุฉ ุงูุชุงุฌ
ุงูุฑูุงุถ 

โุงูุดุฑูุท ูุงููุคููุงุช:
โข ูุคูู ุซุงููู ููุง ููู
โข โุงูุฑุงุชุจ :ูคูงูขูฅ ุฑูุงู ููููู ุฃูู
โข โุงููููุน : ( ุงูุฑูุงุถ )  ุงููุฏููุฉ ุงูุตูุงุนูุฉ ุงูุซุงููุฉ 

โููุชูุฏูู:
 ูุฑุณู ุงูุณูุฑุฉ ุงูุฐุงุชูุฉ ุนูู ุงูุงูููู ุงูุชุงูู ููุชุงุจุฉ ุงููุณูู ุงููุธููู:
โโฆ 
Jobs@arabianoud.com.sa


#ุงูุฑูุงุถ #ุงูุฏูุงู #ุฌุฏุฉ
#Saudi #ูุธุงุฆู_ุดุงุบุฑุฉ #ูุธุงุฆู #ูุธููุฉ #ุงูุณุนูุฏูุฉ 
----------------------------------------------------------
ุฎุฏูุฉ ุงุฑุณุงู ุณูุฑุชู ุงูุฐุงุชูุฉ ุงูู 3000 ุดุฑูุงุช ุงูุชูุธูู 
www.hiresme.ai",1h,,https://www.linkedin.com/feed/update/urn:li:activity:7258070311525384192?updateEntityUrn=urn%3Ali%3Afs_updateV2%3A%28urn%3Ali%3Aactivity%3A7258070311525384192%2CFEED_DETAIL%2CEMPTY%2CDEFAULT%2Cfalse%29,urn:li:activity:7258070311525384192
2K,,ุชุจู ูุธููุฉ,%D8%AA%D8%A8%D9%8A-%D9%88%D8%B8%D9%8A%D9%81%D8%A9,https://www.linkedin.com/company/%D8%AA%D8%A8%D9%8A-%D9%88%D8%B8%D9%8A%D9%81%D8%A9/,Company,,https://www.linkedin.com/search/results/content/?datePosted=past-24h&keywords=ุงููุฏููุฉ ูุธููุฉ&sortBy=%22date_posted%22,False,2024-10-31T19:27:46.116Z,1730402866116,2024-11-01 14:39:24,"#ูุธุงุฆู_ุดุงุบุฑุฉ (๐ด)

ูุฑูุฒ ุฃูุฏู ุฃูููุฉ ููุฑุนุงูุฉ ุงูููุงุฑูุฉ ูููุฑ #ูุธุงุฆู ุจูุฌุงู ุชุนูููู ูุทุจู ูู ุงููุฏููุฉ ุงููููุฑุฉโญ๏ธ

- ุงููุฑุต ุงููุธูููุฉ :
-ูุนููุฉ ุชุฑุจูุฉ ุฎุงุตุฉ.
-ุฃุฎุตุงุฆูุฉ ุนูุงุฌ ุทุจูุนู.
-ุฃุฎุตุงุฆูุฉ ุนูุงุฌ ูุธููู.

ููุชูุฏูู ุนูู ุงููุธุงุฆู ุงูุดุงุบุฑุฉ ูู ูุฑูุฒ ุงูุฏู ุฃูููุฉ ููุฑุนุงูุฉ ุงูููุงุฑูุฉ ูุถูุงู ุฅุฑูุงู ุงูุณูุฑุฉ ูุฅุฑุณุงููุง ุนูู  ุงููุงุชุณ ุงุจ: 0566875011 / 0560056730",17h,,https://www.linkedin.com/feed/update/urn:li:activity:7257835662962212864?updateEntityUrn=urn%3Ali%3Afs_updateV2%3A%28urn%3Ali%3Aactivity%3A7257835662962212864%2CFEED_DETAIL%2CEMPTY%2CDEFAULT%2Cfalse%29,urn:li:activity:7257835662962212864
,ุงุฎุตุงุฆู ููุงุฑุฏ ุจุดุฑูุฉ ูู ุฌูุนูุฉ ุงููุฏููุฉ ููุชูุญุฏ hr,Rana Eid,ACoAAE1g5lIBiFuPEV_vdgb_uIa3lc3wk14LNJY,https://www.linkedin.com/in/ACoAAE1g5lIBiFuPEV_vdgb_uIa3lc3wk14LNJY?miniProfileUrn=urn%3Ali%3Afs_miniProfile%3AACoAAE1g5lIBiFuPEV_vdgb_uIa3lc3wk14LNJY,Person,,https://www.linkedin.com/search/results/content/?datePosted=past-24h&keywords=ุงููุฏููุฉ ูุธููุฉ&sortBy=%22date_posted%22,False,2024-11-01T09:25:10.964Z,1730453110964,2024-11-01 14:39:24,ุฃูุง ุณุนูุฏ ุฃู ุฃุดุงุฑู ูุนูู ุฃููู ุจุฏุฃุช ูุธููุฉ ุฌุฏูุฏุฉ ูู ุงุฎุตุงุฆู ููุงุฑุฏ ุจุดุฑูุฉ ูุฏู โฆโฉุฌูุนูุฉ ุงููุฏููุฉ ููุชูุญุฏ (ุชูููููููู)!,3h,,https://www.linkedin.com/feed/update/urn:li:activity:7258046405129170944?updateEntityUrn=urn%3Ali%3Afs_updateV2%3A%28urn%3Ali%3Aactivity%3A7258046405129170944%2CFEED_DETAIL%2CEMPTY%2CDEFAULT%2Cfalse%29,urn:li:activity:7258046405129170944
,Senior Advisor to H.E. the Minister | Board & NRC Member | SME in HR ูุณุชุดุงุฑ ุฃูู ูููุฒูุฑ | ุนุถู ูุฌูุณ ุฅุฏุงุฑุฉ | ุฑุฆูุณ ูุฌูุฉ ุงูุชุฑุดูุญุงุช ูุงูููุงูุขุช | ุฎุจูุฑ ููุงุฑุฏ ุจุดุฑูุฉ,Wael Albassam ูุงุฆู ุงูุจุณุงู,ACoAAALWCecBGowyptYXApFc9_kPESmOoHoiKqs,https://www.linkedin.com/in/ACoAAALWCecBGowyptYXApFc9_kPESmOoHoiKqs?miniProfileUrn=urn%3Ali%3Afs_miniProfile%3AACoAAALWCecBGowyptYXApFc9_kPESmOoHoiKqs,Person,https://media.licdn.com/dms/image/v2/D4D22AQGG7wbrkCP0kA/feedshare-shrink_2048_1536/feedshare-shrink_2048_1536/0/1730397761026?e=1733356800&v=beta&t=J1T1Ezo7HHA3U3Ls2bt0w5tWQCYMKWIQ4ShV6pUElG8,https://www.linkedin.com/search/results/content/?datePosted=past-24h&keywords=ุงููุฏููุฉ ูุธููุฉ&sortBy=%22date_posted%22,False,2024-10-31T18:02:41.933Z,1730397761933,2024-11-01 14:39:24,"ููููู ุฌุฏูุฏ ูู ุงูููุงุฑุฏ ุงูุจุดุฑูุฉ ูุณูู "" ุงูููุงุฑุฏ ุงูุจุดุฑูุฉ ุงูุฎุถุฑุงุก "" ููู ูุนุฑู ุฌููุนุง ูุง ูุชุถููู ูุฐุง ุงูููููู:


ุงูููุงุฑุฏ ุงูุจุดุฑูุฉ ุงูุฎุถุฑุงุก ุชุดูุฑ ุฅูู ูุฌููุนุฉ ูู ุงูุณูุงุณุงุช ูุงูููุงุฑุณุงุช ุงูุชู ุชูุฏู ุฅูู ุชุนุฒูุฒ ุงูุงุณุชุฏุงูุฉ ุงูุจูุฆูุฉ ุฏุงุฎู ุงููุคุณุณุงุช ูู ุฎูุงู ุฅุฏุงุฑุฉ ุงูุนูุตุฑ ุงูุจุดุฑู. ุชุดูู ูุฐู ุงูููุงููู:

- ุงูุชูุธูู ุงูุฃุฎุถุฑ: ุงุฎุชูุงุฑ ููุธููู ูุชุจููู ุงูููู ุงูุจูุฆูุฉ ููููู ูุฏููู ูุนู ุจููุงุฑุณุงุช ุงูุงุณุชุฏุงูุฉ.

- ุงูุชุฏุฑูุจ ูุงูุชุทููุฑ: ุชูููุฑ ุจุฑุงูุฌ ุชุฏุฑูุจูุฉ ูุฑูุน ูุณุชูู ุงููุนู ุงูุจูุฆู ูุฏู ุงูููุธููู ูุชุนููููู ููููุฉ ุงููุณุงููุฉ ูู ุชุญููู ุงูุฃูุฏุงู ุงูุจูุฆูุฉ ูููุคุณุณุฉ.

- ุงูุชุญููุฒ ูุงูููุงูุขุช: ุชุดุฌูุน ุงูููุธููู ุนูู ุชุจูู ุณููููุงุช ุตุฏููุฉ ููุจูุฆุฉ ูู ุฎูุงู ุชูุฏูู ููุงูุขุช ุฃู ุญูุงูุฒ.

- ุซูุงูุฉ ุงูุนูู: ุฎูู ุจูุฆุฉ ุนูู ุชุดุฌุน ุนูู ุงูุงุจุชูุงุฑ ูุงูุงุณุชุฏุงูุฉุ ูุชุนุฒุฒ ูู ุฃูููุฉ ุงูุญูุงุธ ุนูู ุงูุจูุฆุฉ ูู ุฌููุน ุฌูุงูุจ ุงูุนูู.

- ุงููุณุคูููุฉ ุงูุงุฌุชูุงุนูุฉ: ุชุนุฒูุฒ ุฏูุฑ ุงูุดุฑูุงุช ูู ุงููุฌุชูุน ูู ุฎูุงู ูุจุงุฏุฑุงุช ุจูุฆูุฉ ุชุคุซุฑ ุฅูุฌุงุจููุง ุนูู ุงููุฌุชูุน ุงููุญูู.

ูุชูุฏู ุงูููุงุฑุฏ ุงูุจุดุฑูุฉ ุงูุฎุถุฑุงุก ุฅูู ุฏูุฌ ุงูุงุณุชุฏุงูุฉ ูู ุฌููุน ุฌูุงูุจ ุงูุนููุ ููุง ูุณูู ูู ุชุญุณูู ุงูุฃุฏุงุก ุงูุจูุฆู ูููุคุณุณุฉ ููุนุฒุฒ ูู ุณูุนุชูุง ูู ุงูุณูู.






#ูุธููุฉ  #ูุธุงุฆู  #ุชูุธูู  #ุนูู  #ุดูุงุบุฑ  #ุชุฑููุฉ  #ุงูุณุนูุฏูุฉ #ุงูููููุฉ  #ุงูุฑูุงุถ #ุฌุฏุฉ  #ููุฉ  #ุงูุฏูุงู  #ุงูุฎุจุฑ  #ุงููุฏููุฉ  #ุญุงุฆู #ุงุจูุง  #ุงููุตูู  #ุนููุฒุฉ  #ุจุฑูุฏุฉ #ูุฌูุณ_ุงูุงุฏุงุฑุฉ #ูุฌูุฉ_ุงูุชุฑุดูุญุงุช_ูุงูููุงูุขุช 
โ   #saudi_arabia 
โ#saudi_jobs #saudi 
โ#nrc #bod #Board_of_directors
โ #KSA #KSAjobs 
โ#vision2030 
โ#nomination_committee 
โ#remuneration_committee
โ#work_environment 
#ุจูุฆุฉ_ุงูุนูู
#ูุตุงุฆุญ #ุฎุจุฑุงุช #ุชุฌุงุฑุจ #ุฎุฑูุฌูู #ุจุงุญุซูู_ุนู_ุนูู 

#ููููุฏุงู #ููููุฏ_ุงู 
โ#LinkedIn",18h,,https://www.linkedin.com/feed/update/urn:li:activity:7257814254467108865?updateEntityUrn=urn%3Ali%3Afs_updateV2%3A%28urn%3Ali%3Aactivity%3A7257814254467108865%2CFEED_DETAIL%2CEMPTY%2CDEFAULT%2Cfalse%29,urn:li:activity:7257814254467108865
2K,,ูุธุงุฆู ูุญุงุณุจุฉ ู ูุงููุฉ ๐ฐ๐ธ๐ฆ,ksaaccountjobs,https://www.linkedin.com/company/ksaaccountjobs/,Company,,https://www.linkedin.com/search/results/content/?datePosted=past-24h&keywords=ุงููุฏููุฉ ูุธููุฉ&sortBy=%22date_posted%22,False,2024-10-31T17:49:12.023Z,1730396952023,2024-11-01 14:39:24,"(๐) 20 ูุธููุฉ ุดุงุบุฑุฉ ูู ุนุฏุฉ ูุฏู ุจุฑูุงุชุจ ุชูุงูุณูุฉ ูุฏู ุดุฑูุฉ ุงูุฌููู ุงูุนุงูููุฉ 

โช๏ธ ูุญุงุณุจ ุนุงู  
๐ููุงู ุงูุนูู: #ุงููุฏููุฉ #ููุฉ #ุงูุทุงุฆู #ุฌุงุฒุงู #ุงูุฑูุงุถ #ุฌุฏุฉ #ุนุณูุฑ 

๐ ููุชูุฏูู ( https://lnkd.in/et-W5eQg)
โ",18h,,https://www.linkedin.com/feed/update/urn:li:activity:7257810857458286592?updateEntityUrn=urn%3Ali%3Afs_updateV2%3A%28urn%3Ali%3Aactivity%3A7257810857458286592%2CFEED_DETAIL%2CEMPTY%2CDEFAULT%2Cfalse%29,urn:li:activity:7257810857458286592
3K,,ูุธุงุฆู ุงููุฏููุฉ ุงููููุฑุฉ 24,madinajobs24,https://www.linkedin.com/company/madinajobs24/,Company,,https://www.linkedin.com/search/results/content/?datePosted=past-24h&keywords=ุงููุฏููุฉ ูุธููุฉ&sortBy=%22date_posted%22,False,2024-10-31T17:45:38.435Z,1730396738435,2024-11-01 14:39:24,"(๐) 20 ูุธููุฉ ุดุงุบุฑุฉ ูู ุนุฏุฉ ูุฏู ุจุฑูุงุชุจ ุชูุงูุณูุฉ ูุฏู ุดุฑูุฉ ุงูุฌููู ุงูุนุงูููุฉ 

โช๏ธููุณู ูุจูุนุงุช  
โช๏ธ ููุฏูุจ ูุจูุนุงุช  
โช๏ธ ูุญุงุณุจ ุนุงู  

๐ ููุชูุฏูู ( https://lnkd.in/et-W5eQg)
โ",18h,,https://www.linkedin.com/feed/update/urn:li:activity:7257809961605386241?updateEntityUrn=urn%3Ali%3Afs_updateV2%3A%28urn%3Ali%3Aactivity%3A7257809961605386241%2CFEED_DETAIL%2CEMPTY%2CDEFAULT%2Cfalse%29,urn:li:activity:7257809961605386241
3K,,ูุธููุฉ ุฌุฏูุฏุฉ,%D9%88%D8%B8%D9%8A%D9%81%D8%A9-%D8%AC%D8%AF%D9%8A%D8%AF%D8%A9,https://www.linkedin.com/company/%D9%88%D8%B8%D9%8A%D9%81%D8%A9-%D8%AC%D8%AF%D9%8A%D8%AF%D8%A9/,Company,https://media.licdn.com/dms/image/sync/v2/D5627AQGMnG5n7OXhrg/articleshare-shrink_800/articleshare-shrink_800/0/1730289967875?e=1731070800&v=beta&t=qGee9E5Q7IAJ2IjVnNINQY5uz9gIHmo_uTY1oixCB0Q,https://www.linkedin.com/search/results/content/?datePosted=past-24h&keywords=ุงููุฏููุฉ ูุธููุฉ&sortBy=%22date_posted%22,False,2024-10-31T17:00:26.071Z,1730394026071,2024-11-01 14:39:24,"(๐ด) #ูุธุงุฆู_ุดุงุบุฑุฉ

โญ๏ธ ูููุงุช ุงูุฑูุงู ุงูุฃูููุฉ ุชุนูู ุนู #ูุธุงุฆู ุจูุฌุงู ุงูุณูุฑุชุงุฑูุฉ ูู #ุงููุฏููุฉ_ุงููููุฑุฉ

- ุงููุฑุต ุงููุธูููุฉ :
- ุณูุฑูุชุฑ.

๐ ุฑุงุจุท ุงูุชูุฏูู 
 ( https://lnkd.in/g6MTX_9T )",19h,ูููุงุช ุงูุฑูุงู ุงูุฃูููุฉ ุชุนูู ุนู ูุธุงุฆู ุจูุฌุงู ุงูุณูุฑุชุงุฑูุฉ ูู ุงููุฏููุฉ ุงููููุฑุฉ,https://www.linkedin.com/feed/update/urn:li:activity:7257798585126207488?updateEntityUrn=urn%3Ali%3Afs_updateV2%3A%28urn%3Ali%3Aactivity%3A7257798585126207488%2CFEED_DETAIL%2CEMPTY%2CDEFAULT%2Cfalse%29,urn:li:activity:7257798585126207488
10K,,ูุธููู -ูุธุงุฆู ุดุงุบุฑุฉ,%D9%88%D8%B8%D9%81%D9%86%D9%8A-%D9%88%D8%B8%D8%A7%D8%A6%D9%81-%D8%B4%D8%A7%D8%BA%D8%B1%D8%A9,https://www.linkedin.com/company/%D9%88%D8%B8%D9%81%D9%86%D9%8A-%D9%88%D8%B8%D8%A7%D8%A6%D9%81-%D8%B4%D8%A7%D8%BA%D8%B1%D8%A9/,Company,,https://www.linkedin.com/search/results/content/?datePosted=past-24h&keywords=ุงููุฏููุฉ ูุธููุฉ&sortBy=%22date_posted%22,False,2024-10-31T12:45:02.846Z,1730378702846,2024-11-01 14:39:24,"ูุธููุฉ ุดุงุบุฑุฉ ุนูุฏ ุฃุญุฏ ุฃูุจุฑ ุงูุจููู ุงูุณุนูุฏูุฉ ุจูุณูู โ ููุฏูุจ ูุจูุนุงุชโ

- ุงููุฏููุฉ 
#ุงูุฑูุงุถุ 
#ุงูุฏูุงู)
- ูฅุงูุงู ุนูู 
- ููููู ุงุฌุงุฒู
-ุฎุจุฑุฉ ูุงุชูู ุนู ุณูู 
- ูจ ุณุงุนุงุช ุนูู ููููุงู 
-ุงูุฑุงุชุจ ูุญุฏุฏ ุจุนุฏ ุงูููุงุจูู ุงูุดุฎุตูุฉ

 ููุชูุฏูู ุงูุฑุฌุงุก ุฅุฑุณุงู ุงูุณูุฑุฉ ุงูุฐุงุชูุฉ ุนูู ูุฐุง ุงูุจุฑูุฏ ( esnadmaharah@gmail.com)",23h,,https://www.linkedin.com/feed/update/urn:li:activity:7257734314862235649?updateEntityUrn=urn%3Ali%3Afs_updateV2%3A%28urn%3Ali%3Aactivity%3A7257734314862235649%2CFEED_DETAIL%2CEMPTY%2CDEFAULT%2Cfalse%29,urn:li:activity:7257734314862235649
,Senior Advisor to H.E. the Minister | Board & NRC Member | SME in HR ูุณุชุดุงุฑ ุฃูู ูููุฒูุฑ | ุนุถู ูุฌูุณ ุฅุฏุงุฑุฉ | ุฑุฆูุณ ูุฌูุฉ ุงูุชุฑุดูุญุงุช ูุงูููุงูุขุช | ุฎุจูุฑ ููุงุฑุฏ ุจุดุฑูุฉ,Wael Albassam ูุงุฆู ุงูุจุณุงู,ACoAAALWCecBGowyptYXApFc9_kPESmOoHoiKqs,https://www.linkedin.com/in/ACoAAALWCecBGowyptYXApFc9_kPESmOoHoiKqs?miniProfileUrn=urn%3Ali%3Afs_miniProfile%3AACoAAALWCecBGowyptYXApFc9_kPESmOoHoiKqs,Person,https://media.licdn.com/dms/image/v2/D4D22AQE1ggEjAfOrnA/feedshare-shrink_2048_1536/feedshare-shrink_2048_1536/0/1730393192501?e=1733356800&v=beta&t=jycPiHQbmDug45dJsnXUqAiD8Sc5dTqVSoL73ZO-V-c,https://www.linkedin.com/search/results/content/?datePosted=past-24h&keywords=ุงููุฏููุฉ ูุธููุฉ&sortBy=%22date_posted%22,False,2024-10-31T16:46:33.396Z,1730393193396,2024-11-01 14:39:24,"ูู ุจุงุจ ุงูุทุฑูุฉ.. ููู ูููุง ุญููุฉ !







#ูุธููุฉ  #ูุธุงุฆู  #ุชูุธูู  #ุนูู  #ุดูุงุบุฑ  #ุชุฑููุฉ  #ุงูุณุนูุฏูุฉ #ุงูููููุฉ  #ุงูุฑูุงุถ #ุฌุฏุฉ  #ููุฉ  #ุงูุฏูุงู  #ุงูุฎุจุฑ  #ุงููุฏููุฉ  #ุญุงุฆู #ุงุจูุง  #ุงููุตูู  #ุนููุฒุฉ  #ุจุฑูุฏุฉ #ูุฌูุณ_ุงูุงุฏุงุฑุฉ #ูุฌูุฉ_ุงูุชุฑุดูุญุงุช_ูุงูููุงูุขุช 
โ   #saudi_arabia 
โ#saudi_jobs #saudi 
โ#nrc #bod #Board_of_directors
โ #KSA #KSAjobs 
โ#vision2030 
โ#nomination_committee 
โ#remuneration_committee
โ#work_environment 
#ุจูุฆุฉ_ุงูุนูู
#ูุตุงุฆุญ #ุฎุจุฑุงุช #ุชุฌุงุฑุจ #ุฎุฑูุฌูู #ุจุงุญุซูู_ุนู_ุนูู 

#ููููุฏุงู #ููููุฏ_ุงู 
โ#LinkedIn",19h,,https://www.linkedin.com/feed/update/urn:li:activity:7257795092634103808?updateEntityUrn=urn%3Ali%3Afs_updateV2%3A%28urn%3Ali%3Aactivity%3A7257795092634103808%2CFEED_DETAIL%2CEMPTY%2CDEFAULT%2Cfalse%29,urn:li:activity:7257795092634103808
3K,,ูุธุงุฆู ุงููุฏููุฉ ุงููููุฑุฉ 24,madinajobs24,https://www.linkedin.com/company/madinajobs24/,Company,,https://www.linkedin.com/search/results/content/?datePosted=past-24h&keywords=ุงููุฏููุฉ ูุธููุฉ&sortBy=%22date_posted%22,False,2024-10-31T17:44:54.611Z,1730396694611,2024-11-01 14:39:24,"(๐) 60 ูุธููุฉ ุฎุฏูุฉ ุนููุงุก ูู ุฌููุน ุงููุฏู ุนุจุฑ ุงููุงุชู ู ููุงูุน ุงูุชูุงุตู ุงูุฅุฌุชูุงุนู

โช๏ธุฎุฏูุฉ ุนููุงุก

๐ ููุชูุฏูู ( https://lnkd.in/e6M3ahh8)
โ
",18h,,https://www.linkedin.com/feed/update/urn:li:activity:7257809777794203650?updateEntityUrn=urn%3Ali%3Afs_updateV2%3A%28urn%3Ali%3Aactivity%3A7257809777794203650%2CFEED_DETAIL%2CEMPTY%2CDEFAULT%2Cfalse%29,urn:li:activity:7257809777794203650
,ุทุจ ูุตุญู ูู Job Way Medical Recruitment Agency,doha Jobway,ACoAAEZEvh8BeNe1Sc4xCyQpMfGVm-jth6Pteh0,https://www.linkedin.com/in/ACoAAEZEvh8BeNe1Sc4xCyQpMfGVm-jth6Pteh0?miniProfileUrn=urn%3Ali%3Afs_miniProfile%3AACoAAEZEvh8BeNe1Sc4xCyQpMfGVm-jth6Pteh0,Person,,https://www.linkedin.com/search/results/content/?datePosted=past-24h&keywords=ุงููุฏููุฉ ูุธููุฉ&sortBy=%22date_posted%22,False,2024-10-31T12:18:02.175Z,1730377082175,2024-11-01 14:39:24,"โจ ูุฑุตุฉ ุนูู ุงุณุชุซูุงุฆูุฉ ููุฃุทุจุงุก ูู ุงูุฑูุงุถ๐ธ๐ฆโจ 
ุดุฑูุฉ ุฌูุจ ูุงู ููุชูุธูู ุงูุทุจู 

ุชุนูู ุดุฑูุฉ ุฌูุจ ูุงู ููุชูุธูู ุงูุทุจู
 ุนู ูุฑุตุฉ ุนูู ูููุฒุฉ 
ูู ูุฌูุน ุทุจู ุฑุงุฆุฏ ุจูุฏููุฉ ุงูุฑูุงุถ ุญู ุงููุฑููู
ุงูุถู ุฅูู ูุฑูููุง ูุงุญุตู ุนูู ุชุฌุฑุจุฉ ููููุฉ ูุฑูุฏุฉ ูู ุจูุฆุฉ ุนูู ุงุญุชุฑุงููุฉ!

### ๐ ุงููุณูู ุงููุธููู: 
ุทุจูุจ ุฒุฑุงุนุฉ ุงุณูุงู -
ุงูุฎุจุฑู 10 ุณููุงุช
### ๐ ุงููุชุทูุจุงุช:
- ูููููู ูู ุงูุณุนูุฏูุฉ
- ุชุฑุฎูุต ุงูููุฆุฉ ุงูุณุนูุฏูุฉ ููุชุฎุตุตุงุช ุงูุทุจูุฉ
- ุฌุงูุฒ ูููู ุงูููุงูุฉ ููุฑูุง
- ุฎุจุฑุฉ ูุง ุชูู ุนู ุณูุชูู ูู ุงูุชุฎุตุต

### ๐ ุงููุฒุงูุง ุงูุชู ููุฏููุง:
- ุณูู
- ุฅูุงูุฉ ุนูู ุดุงููุฉ
- ุชุฃููู ุตุญู ูุชูุงูู
- ุญูุงูุฒ ูุงููุฉ ุชูุงูุณูุฉ

### ๐ง ููููุฉ ุงูุชูุฏูู:
ุฅุฐุง ููุช ููุชููุงุ ูุฑุฌู ุฅุฑุณุงู ุงููุณุชูุฏุงุช ุงูุชุงููุฉ ุนุจุฑ ุงูุจุฑูุฏ ุงูุฅููุชุฑููู ูุน ุฐูุฑ ุงุณู ุงููุธููุฉ:
- ุณูุฑุฉ ุฐุงุชูุฉ ูุญุฏุซุฉ
- ูุงุฆูุฉ ุจุงูุดูุงุฏุงุช ูุงูุชุฑุงุฎูุต ุงููุชุงุญุฉ

ููุงุญุธุฉ: ููุฑุฌู ุชุญุฏูุฏ ุงููุฏููุฉ ุงูููุถูุฉ ููุนูู ุจูุง ูุชุงุฑูุฎ ุฌุงูุฒูุชู ููุชุนุงูุฏ.

๐ ุงูุจุฑูุฏ ุงูุฅููุชุฑููู: jobway.hiring.ksa@gmail.com
ุงู 
jobway.doctor.ksa@gmail.com

### ๐ ุงูุถู ุฅูู ูุฌุชูุนูุง:

- โ- ุฌุฑูุจ ุงูุชููุฌุฑุงู ูููุธุงุฆู ุงูุทุจูุฉ: [ุงูุถู ููุง](https://t.me/jobwayegypt)

- โ- ููุงุฉ ุงูุชููุฌุฑุงู ูููุธุงุฆู ุงูุทุจูุฉ: [ุงูุถู ููุง](https://t.me/Jobwaymedical)

- โ- ุตูุญุชูุง ุนูู ููููุฏ ุฅู: [ุฒูุงุฑุฉ ุงูุตูุญุฉ](https://lnkd.in/eRPXDfbW)

- โ- ููุงุฉ ุงููุงุชุณุงุจ ููุธุงุฆู ุทุจูุฉ: [ุงูุถู ููุง](https://lnkd.in/dKdxxh6h)

- ุฌุฑูุจ ูุธุงุฆู ูุงุชุณุงุจ (ุงูุฑูุงุถ )
https://lnkd.in/d_QHXDGv

- โ- ุงููููุน ุงูุฅููุชุฑููู ุงูุฑุณูู: [ุฒูุงุฑุฉ ุงููููุน](https://jobway-egy.com/)

- โ- ุตูุญุฉ ุงูููุณุจูู ุงูุฑุณููุฉ: [ุฒูุงุฑุฉ ุงูุตูุญุฉ](https://lnkd.in/eduTtC_h)

- โ- โ- ุฌุฑูุจ ุงูููุณุจูู ุงูุจุฏูู : 
https://lnkd.in/dz_8nmxe โ

- โ- ุฌุฑูุจ ุงูููุณุจูู ุงูุฑุณูู : [ุงูุถู ููุง](https://lnkd.in/eyrqTUm6)

๐ ๐ ุงูุนููุงู: 116 ุจุฑุฌ ุฌูููุฑุง ุจูุงุฒุง - ุฃุนูู ูุญูุงุช Activ - ุณูู ุญูุฒุฉ - ูุฑู - ุงูุฌูุฒุฉ - ูุตุฑ

๐ค ูุชููู ูู ุงูุชูููู ุงูุฏุงุฆู ูู ูุณูุฑุชู ุงูููููุฉ! 
#ูุธุงุฆู_ุทุจูุฉ #ุฌูุจ_ูุงู_ููุชูุธูู_ุงูุทุจู
#ูุฑุต_ุนูู #ูุธุงุฆู_ุงูุณุนูุฏูุฉ
#ุชูุธูู_ุงูุฃุทุจุงุก
#ุฃุทุจุงุก_ูุตุฑ
#ุฃุทุจุงุก_ุงูุณุนูุฏูุฉ
#ูุธุงุฆู_ุงูุงุทุจุงุก #ูุธุงุฆู_ุตูุงุฏูุฉ
#ูุธุงุฆู_ุชูุฑูุถ #ูุธุงุฆู_ุงูุงูุงุฑุงุช#ุฌูุจ_ูุงู_ููุชูุธูู_ุงูุทุจู#ูุธุงุฆู_ุงูุฑูุงุถ  #ูุธุงุฆู_ุงูููู  #ุชูุธูู  #ูุธุงุฆู #ูุธุงุฆู_ุงูุณุนูุฏูุฉ  #ูุธุงุฆู_ุงูุณุนูุฏูุฉ #ุงุจุดุฑ_ุชูุธูู  #ูุธููุฉ  #ููุดูุฑุงุช_ุงููุธุงุฆู  #ูุธููุฉ_ุดุงุบุฑุฉ  #ุฅุฏุงุฑุฉ  #ุงูุชุณููู  #ุงูููุฏุณุฉ  #ุงูุชูุธูู  #ุฌุฏุฉ  #ุณุงุนุฏ_ุชุชุณุงุนุฏ  #ูุธุงุฆู_ุฅุฏุงุฑูุฉ  #ุงูุฏูุงู #ุงูุทุจ  #ูุธุงุฆู_ุนูุงู  #ุงูุงูุงุฑุงุช  #ุฎุจุฑ  #ุงููููุช  #ุฌูุจ_ูุงู_ููุชูุธูู_ุงูุทุจู  #ูุทุฑ  #ุนุงุฌู  #ุณูุทูุฉ_ุนูุงู  #ูุธุงุฆู_ุฅุฏุงุฑูุฉ  #ูุธุงุฆู_ูู_ุงููููุช  #docker  #riyadh  #pathologylab  #ophthalmology  #psychologist  #internalmedicine  #psychologist  #orthodontics  #bones  #pediatrician  #nose  #nursing  #rays  #surgery  #neurologists  #psychologist  #urologist  #dentistry  #beautifying  #engineering  #jobs  #recruitment  #ksa  #pathologylab  #ophthalmology  #psychologist  #internalmedicine  #psychologist  #orthodontics  #bones  #pediatrician  #nose  #nursing  #rays  #surgery  #neurologists  #psychologist  #urologist  #dentistry  #beautifying  #engineering",1d,,https://www.linkedin.com/feed/update/urn:li:activity:7257727517275410434?updateEntityUrn=urn%3Ali%3Afs_updateV2%3A%28urn%3Ali%3Aactivity%3A7257727517275410434%2CFEED_DETAIL%2CEMPTY%2CDEFAULT%2Cfalse%29,urn:li:activity:7257727517275410434
,ุทุจ ูุตุญู ูู Job Way Medical Recruitment Agency,doha Jobway,ACoAAEZEvh8BeNe1Sc4xCyQpMfGVm-jth6Pteh0,https://www.linkedin.com/in/ACoAAEZEvh8BeNe1Sc4xCyQpMfGVm-jth6Pteh0?miniProfileUrn=urn%3Ali%3Afs_miniProfile%3AACoAAEZEvh8BeNe1Sc4xCyQpMfGVm-jth6Pteh0,Person,,https://www.linkedin.com/search/results/content/?datePosted=past-24h&keywords=ุงููุฏููุฉ ูุธููุฉ&sortBy=%22date_posted%22,False,2024-10-31T12:16:21.559Z,1730376981559,2024-11-01 14:39:24,"โจ ูุฑุตุฉ ุนูู ุงุณุชุซูุงุฆูุฉ ููุฃุทุจุงุก ูู  ุงูุฑูุงุถ- ุฌุฏุฉ๐ธ๐ฆโจ 
ุดุฑูุฉ ุฌูุจ ูุงู ููุชูุธูู ุงูุทุจู 

ุชุนูู ุดุฑูุฉ ุฌูุจ ูุงู ููุชูุธูู ุงูุทุจู
 ุนู ูุฑุตุฉ ุนูู ูููุฒุฉ 
ูู ูุฌูุน ุทุจู ุฑุงุฆุฏ ุจูุฏููุฉ ุงูุฑูุงุถ โ ุฌุฏุฉ 
ุงูุถู ุฅูู ูุฑูููุง ูุงุญุตู ุนูู ุชุฌุฑุจุฉ ููููุฉ ูุฑูุฏุฉ ูู ุจูุฆุฉ ุนูู ุงุญุชุฑุงููุฉ!

### ๐ ุงููุณูู ุงููุธููู: 
-      ุฑุฆูุณ ุญุณุงุจุงุช ูุฏูู ุฎุจุฑุฉ
### ๐ ุงููุชุทูุจุงุช:
- ูููููู ูู ุงูุณุนูุฏูุฉ
- ุชุฑุฎูุต ุงูููุฆุฉ ุงูุณุนูุฏูุฉ ููุชุฎุตุตุงุช ุงูุทุจูุฉ
- ุฌุงูุฒ ูููู ุงูููุงูุฉ ููุฑูุง
- ุฎุจุฑุฉ ูุง ุชูู ุนู ุณูุชูู ูู ุงูุชุฎุตุต

### ๐ ุงููุฒุงูุง ุงูุชู ููุฏููุง:
- ุณูู
- ุฅูุงูุฉ ุนูู ุดุงููุฉ
- ุชุฃููู ุตุญู ูุชูุงูู
- ุญูุงูุฒ ูุงููุฉ ุชูุงูุณูุฉ

### ๐ง ููููุฉ ุงูุชูุฏูู:
ุฅุฐุง ููุช ููุชููุงุ ูุฑุฌู ุฅุฑุณุงู ุงููุณุชูุฏุงุช ุงูุชุงููุฉ ุนุจุฑ ุงูุจุฑูุฏ ุงูุฅููุชุฑููู ูุน ุฐูุฑ ุงุณู ุงููุธููุฉ:
- ุณูุฑุฉ ุฐุงุชูุฉ ูุญุฏุซุฉ
- ูุงุฆูุฉ ุจุงูุดูุงุฏุงุช ูุงูุชุฑุงุฎูุต ุงููุชุงุญุฉ

ููุงุญุธุฉ: ููุฑุฌู ุชุญุฏูุฏ ุงููุฏููุฉ ุงูููุถูุฉ ููุนูู ุจูุง ูุชุงุฑูุฎ ุฌุงูุฒูุชู ููุชุนุงูุฏ.

๐ ุงูุจุฑูุฏ ุงูุฅููุชุฑููู: jobway.hiring.ksa@gmail.com
ุงู 
jobway.doctor.ksa@gmail.com

### ๐ ุงูุถู ุฅูู ูุฌุชูุนูุง:

- โ- ุฌุฑูุจ ุงูุชููุฌุฑุงู ูููุธุงุฆู ุงูุทุจูุฉ: [ุงูุถู ููุง](https://t.me/jobwayegypt)

- โ- ููุงุฉ ุงูุชููุฌุฑุงู ูููุธุงุฆู ุงูุทุจูุฉ: [ุงูุถู ููุง](https://t.me/Jobwaymedical)

- โ- ุตูุญุชูุง ุนูู ููููุฏ ุฅู: [ุฒูุงุฑุฉ ุงูุตูุญุฉ](https://lnkd.in/eRPXDfbW)

- โ- ููุงุฉ ุงููุงุชุณุงุจ ููุธุงุฆู ุทุจูุฉ: [ุงูุถู ููุง](https://lnkd.in/dKdxxh6h)

- ุฌุฑูุจ ูุธุงุฆู ูุงุชุณุงุจ (ุงูุฑูุงุถ -ุฌุฏุฉ)
https://lnkd.in/dAqUf7vK

https://lnkd.in/dazcvTYq

- โ- ุงููููุน ุงูุฅููุชุฑููู ุงูุฑุณูู: [ุฒูุงุฑุฉ ุงููููุน](https://jobway-egy.com/)

- โ- ุตูุญุฉ ุงูููุณุจูู ุงูุฑุณููุฉ: [ุฒูุงุฑุฉ ุงูุตูุญุฉ](https://lnkd.in/eduTtC_h)

- โ- โ- ุฌุฑูุจ ุงูููุณุจูู ุงูุจุฏูู : 
https://lnkd.in/dz_8nmxe โ

- โ- ุฌุฑูุจ ุงูููุณุจูู ุงูุฑุณูู : [ุงูุถู ููุง](https://lnkd.in/eyrqTUm6)

๐ ๐ ุงูุนููุงู: 116 ุจุฑุฌ ุฌูููุฑุง ุจูุงุฒุง - ุฃุนูู ูุญูุงุช Activ - ุณูู ุญูุฒุฉ - ูุฑู - ุงูุฌูุฒุฉ - ูุตุฑ

๐ค ูุชููู ูู ุงูุชูููู ุงูุฏุงุฆู ูู ูุณูุฑุชู ุงูููููุฉ! 
#ูุธุงุฆู_ุทุจูุฉ #ุฌูุจ_ูุงู_ููุชูุธูู_ุงูุทุจู
#ูุฑุต_ุนูู #ูุธุงุฆู_ุงูุณุนูุฏูุฉ
#ุชูุธูู_ุงูุฃุทุจุงุก
#ุฃุทุจุงุก_ูุตุฑ
#ุฃุทุจุงุก_ุงูุณุนูุฏูุฉ
#ูุธุงุฆู_ุงูุงุทุจุงุก #ูุธุงุฆู_ุตูุงุฏูุฉ
#ูุธุงุฆู_ุชูุฑูุถ #ูุธุงุฆู_ุงูุงูุงุฑุงุช#ุฌูุจ_ูุงู_ููุชูุธูู_ุงูุทุจู#ูุธุงุฆู_ุงูุฑูุงุถ  #ูุธุงุฆู_ุงูููู  #ุชูุธูู  #ูุธุงุฆู #ูุธุงุฆู_ุงูุณุนูุฏูุฉ  #ูุธุงุฆู_ุงูุณุนูุฏูุฉ #ุงุจุดุฑ_ุชูุธูู  #ูุธููุฉ  #ููุดูุฑุงุช_ุงููุธุงุฆู  #ูุธููุฉ_ุดุงุบุฑุฉ  #ุฅุฏุงุฑุฉ  #ุงูุชุณููู  #ุงูููุฏุณุฉ  #ุงูุชูุธูู  #ุฌุฏุฉ  #ุณุงุนุฏ_ุชุชุณุงุนุฏ  #ูุธุงุฆู_ุฅุฏุงุฑูุฉ  #ุงูุฏูุงู #ุงูุทุจ  #ูุธุงุฆู_ุนูุงู  #ุงูุงูุงุฑุงุช  #ุฎุจุฑ  #ุงููููุช  #ุฌูุจ_ูุงู_ููุชูุธูู_ุงูุทุจู  #ูุทุฑ  #ุนุงุฌู  #ุณูุทูุฉ_ุนูุงู  #ูุธุงุฆู_ุฅุฏุงุฑูุฉ  #ูุธุงุฆู_ูู_ุงููููุช  #docker  #riyadh  #pathologylab  #ophthalmology  #psychologist  #internalmedicine  #psychologist  #orthodontics  #bones  #pediatrician  #nose  #nursing  #rays  #surgery  #neurologists  #psychologist  #urologist  #dentistry  #beautifying  #engineering  #jobs  #recruitment  #ksa  #pathologylab  #ophthalmology  #psychologist  #internalmedicine  #psychologist  #orthodontics  #bones  #pediatrician  #nose  #nursing  #rays  #surgery  #neurologists  #psychologist  #urologist  #dentistry  #beautifying  #engineering",1d,,https://www.linkedin.com/feed/update/urn:li:activity:7257727095261290497?updateEntityUrn=urn%3Ali%3Afs_updateV2%3A%28urn%3Ali%3Aactivity%3A7257727095261290497%2CFEED_DETAIL%2CEMPTY%2CDEFAULT%2Cfalse%29,urn:li:activity:7257727095261290497
,ุทุจ ูุตุญู ูู Job Way Medical Recruitment Agency,doha Jobway,ACoAAEZEvh8BeNe1Sc4xCyQpMfGVm-jth6Pteh0,https://www.linkedin.com/in/ACoAAEZEvh8BeNe1Sc4xCyQpMfGVm-jth6Pteh0?miniProfileUrn=urn%3Ali%3Afs_miniProfile%3AACoAAEZEvh8BeNe1Sc4xCyQpMfGVm-jth6Pteh0,Person,,https://www.linkedin.com/search/results/content/?datePosted=past-24h&keywords=ุงููุฏููุฉ ูุธููุฉ&sortBy=%22date_posted%22,False,2024-10-31T12:13:52.051Z,1730376832051,2024-11-01 14:39:24,"โจ ูุฑุตุฉ ุนูู ุงุณุชุซูุงุฆูุฉ ููุฃุทุจุงุก ูู ุงูุฑูุงุถ๐ธ๐ฆโจ 
ุดุฑูุฉ ุฌูุจ ูุงู ููุชูุธูู ุงูุทุจู 

ุชุนูู ุดุฑูุฉ ุฌูุจ ูุงู ููุชูุธูู ุงูุทุจู
 ุนู ูุฑุตุฉ ุนูู ูููุฒุฉ 
ูู ูุฌูุน ุทุจู ุฑุงุฆุฏ ุจูุฏููุฉ ุงูุฑูุงุถ ุญู ุงูุนููุง       
ุงูุถู ุฅูู ูุฑูููุง ูุงุญุตู ุนูู ุชุฌุฑุจุฉ ููููุฉ ูุฑูุฏุฉ ูู ุจูุฆุฉ ุนูู ุงุญุชุฑุงููุฉ!

### ๐ ุงููุณูู ุงููุธููู: 
ุทุจูุจ/ุฉ ููุณู
### ๐ ุงููุชุทูุจุงุช:
- ูููููู ูู ุงูุณุนูุฏูุฉ
- ุชุฑุฎูุต ุงูููุฆุฉ ุงูุณุนูุฏูุฉ ููุชุฎุตุตุงุช ุงูุทุจูุฉ
- ุฌุงูุฒ ูููู ุงูููุงูุฉ ููุฑูุง
- ุฎุจุฑุฉ ูุง ุชูู ุนู ุณูุชูู ูู ุงูุชุฎุตุต

### ๐ ุงููุฒุงูุง ุงูุชู ููุฏููุง:
- ุณูู
- ุฅูุงูุฉ ุนูู ุดุงููุฉ
- ุชุฃููู ุตุญู ูุชูุงูู
- ุญูุงูุฒ ูุงููุฉ ุชูุงูุณูุฉ

### ๐ง ููููุฉ ุงูุชูุฏูู:
ุฅุฐุง ููุช ููุชููุงุ ูุฑุฌู ุฅุฑุณุงู ุงููุณุชูุฏุงุช ุงูุชุงููุฉ ุนุจุฑ ุงูุจุฑูุฏ ุงูุฅููุชุฑููู ูุน ุฐูุฑ ุงุณู ุงููุธููุฉ:
- ุณูุฑุฉ ุฐุงุชูุฉ ูุญุฏุซุฉ
- ูุงุฆูุฉ ุจุงูุดูุงุฏุงุช ูุงูุชุฑุงุฎูุต ุงููุชุงุญุฉ

ููุงุญุธุฉ: ููุฑุฌู ุชุญุฏูุฏ ุงููุฏููุฉ ุงูููุถูุฉ ููุนูู ุจูุง ูุชุงุฑูุฎ ุฌุงูุฒูุชู ููุชุนุงูุฏ.

๐ ุงูุจุฑูุฏ ุงูุฅููุชุฑููู: jobway.hiring.ksa@gmail.com
ุงู 
jobway.doctor.ksa@gmail.com

### ๐ ุงูุถู ุฅูู ูุฌุชูุนูุง:

- โ- ุฌุฑูุจ ุงูุชููุฌุฑุงู ูููุธุงุฆู ุงูุทุจูุฉ: [ุงูุถู ููุง](https://t.me/jobwayegypt)

- โ- ููุงุฉ ุงูุชููุฌุฑุงู ูููุธุงุฆู ุงูุทุจูุฉ: [ุงูุถู ููุง](https://t.me/Jobwaymedical)

- โ- ุตูุญุชูุง ุนูู ููููุฏ ุฅู: [ุฒูุงุฑุฉ ุงูุตูุญุฉ](https://lnkd.in/eRPXDfbW)

- โ- ููุงุฉ ุงููุงุชุณุงุจ ููุธุงุฆู ุทุจูุฉ: [ุงูุถู ููุง](https://lnkd.in/dKdxxh6h)

- ุฌุฑูุจ ูุธุงุฆู ูุงุชุณุงุจ (ุงูุฑูุงุถ)
https://lnkd.in/d_QHXDGv

- โ- ุงููููุน ุงูุฅููุชุฑููู ุงูุฑุณูู: [ุฒูุงุฑุฉ ุงููููุน](https://jobway-egy.com/)

- โ- ุตูุญุฉ ุงูููุณุจูู ุงูุฑุณููุฉ: [ุฒูุงุฑุฉ ุงูุตูุญุฉ](https://lnkd.in/eduTtC_h)

- โ- โ- ุฌุฑูุจ ุงูููุณุจูู ุงูุจุฏูู : 
https://lnkd.in/dz_8nmxe โ

- โ- ุฌุฑูุจ ุงูููุณุจูู ุงูุฑุณูู : [ุงูุถู ููุง](https://lnkd.in/eyrqTUm6)

๐ ๐ ุงูุนููุงู: 116 ุจุฑุฌ ุฌูููุฑุง ุจูุงุฒุง - ุฃุนูู ูุญูุงุช Activ - ุณูู ุญูุฒุฉ - ูุฑู - ุงูุฌูุฒุฉ - ูุตุฑ

๐ค ูุชููู ูู ุงูุชูููู ุงูุฏุงุฆู ูู ูุณูุฑุชู ุงูููููุฉ! 
#ูุธุงุฆู_ุทุจูุฉ #ุฌูุจ_ูุงู_ููุชูุธูู_ุงูุทุจู
#ูุฑุต_ุนูู #ูุธุงุฆู_ุงูุณุนูุฏูุฉ
#ุชูุธูู_ุงูุฃุทุจุงุก
#ุฃุทุจุงุก_ูุตุฑ
#ุฃุทุจุงุก_ุงูุณุนูุฏูุฉ
#ูุธุงุฆู_ุงูุงุทุจุงุก #ูุธุงุฆู_ุตูุงุฏูุฉ
#ูุธุงุฆู_ุชูุฑูุถ #ูุธุงุฆู_ุงูุงูุงุฑุงุช#ุฌูุจ_ูุงู_ููุชูุธูู_ุงูุทุจู#ูุธุงุฆู_ุงูุฑูุงุถ  #ูุธุงุฆู_ุงูููู  #ุชูุธูู  #ูุธุงุฆู #ูุธุงุฆู_ุงูุณุนูุฏูุฉ  #ูุธุงุฆู_ุงูุณุนูุฏูุฉ #ุงุจุดุฑ_ุชูุธูู  #ูุธููุฉ  #ููุดูุฑุงุช_ุงููุธุงุฆู  #ูุธููุฉ_ุดุงุบุฑุฉ  #ุฅุฏุงุฑุฉ  #ุงูุชุณููู  #ุงูููุฏุณุฉ  #ุงูุชูุธูู  #ุฌุฏุฉ  #ุณุงุนุฏ_ุชุชุณุงุนุฏ  #ูุธุงุฆู_ุฅุฏุงุฑูุฉ  #ุงูุฏูุงู #ุงูุทุจ  #ูุธุงุฆู_ุนูุงู  #ุงูุงูุงุฑุงุช  #ุฎุจุฑ  #ุงููููุช  #ุฌูุจ_ูุงู_ููุชูุธูู_ุงูุทุจู  #ูุทุฑ  #ุนุงุฌู  #ุณูุทูุฉ_ุนูุงู  #ูุธุงุฆู_ุฅุฏุงุฑูุฉ  #ูุธุงุฆู_ูู_ุงููููุช  #docker  #riyadh  #pathologylab  #ophthalmology  #psychologist  #internalmedicine  #psychologist  #orthodontics  #bones  #pediatrician  #nose  #nursing  #rays  #surgery  #neurologists  #psychologist  #urologist  #dentistry  #beautifying  #engineering  #jobs  #recruitment  #ksa  #pathologylab  #ophthalmology  #psychologist  #internalmedicine  #psychologist  #orthodontics  #bones  #pediatrician  #nose  #nursing  #rays  #surgery  #neurologists  #psychologist  #urologist  #dentistry  #beautifying  #engineering",1d,,https://www.linkedin.com/feed/update/urn:li:activity:7257726468179329025?updateEntityUrn=urn%3Ali%3Afs_updateV2%3A%28urn%3Ali%3Aactivity%3A7257726468179329025%2CFEED_DETAIL%2CEMPTY%2CDEFAULT%2Cfalse%29,urn:li:activity:7257726468179329025
,Senior Advisor to H.E. the Minister | Board & NRC Member | SME in HR ูุณุชุดุงุฑ ุฃูู ูููุฒูุฑ | ุนุถู ูุฌูุณ ุฅุฏุงุฑุฉ | ุฑุฆูุณ ูุฌูุฉ ุงูุชุฑุดูุญุงุช ูุงูููุงูุขุช | ุฎุจูุฑ ููุงุฑุฏ ุจุดุฑูุฉ,Wael Albassam ูุงุฆู ุงูุจุณุงู,ACoAAALWCecBGowyptYXApFc9_kPESmOoHoiKqs,https://www.linkedin.com/in/ACoAAALWCecBGowyptYXApFc9_kPESmOoHoiKqs?miniProfileUrn=urn%3Ali%3Afs_miniProfile%3AACoAAALWCecBGowyptYXApFc9_kPESmOoHoiKqs,Person,https://media.licdn.com/dms/image/v2/D4D22AQHdPU78KwlZmA/feedshare-shrink_2048_1536/feedshare-shrink_2048_1536/0/1730390136853?e=1733356800&v=beta&t=nB8W3OeCqJ3zcHkkhM-hiBJd7icJlQyFBc4wT-V86Zs,https://www.linkedin.com/search/results/content/?datePosted=past-24h&keywords=ุงููุฏููุฉ ูุธููุฉ&sortBy=%22date_posted%22,False,2024-10-31T15:55:38.467Z,1730390138467,2024-11-01 14:39:24,"ููุงู ุฃู ุงูุชุญุฏุซ ูุน ุงููุจุงุชุงุช ุจูุทู ุ ูุณุงุนุฏ ุนูู ููููุง !

ุงู ูุงู ุฐูู ุตุญูุญุง ูุน ุงููุจุงุชุงุชุ ูุชุฎูู ุชุฃุซูุฑ ุงูุชุญุฏุซ ุจูุทู ูุน ุงูุจุดุฑ!





#ูุธููุฉ  #ูุธุงุฆู  #ุชูุธูู  #ุนูู  #ุดูุงุบุฑ  #ุชุฑููุฉ  #ุงูุณุนูุฏูุฉ #ุงูููููุฉ  #ุงูุฑูุงุถ #ุฌุฏุฉ  #ููุฉ  #ุงูุฏูุงู  #ุงูุฎุจุฑ  #ุงููุฏููุฉ  #ุญุงุฆู #ุงุจูุง  #ุงููุตูู  #ุนููุฒุฉ  #ุจุฑูุฏุฉ #ูุฌูุณ_ุงูุงุฏุงุฑุฉ #ูุฌูุฉ_ุงูุชุฑุดูุญุงุช_ูุงูููุงูุขุช 
โ   #saudi_arabia 
โ#saudi_jobs #saudi 
โ#nrc #bod #Board_of_directors
โ #KSA #KSAjobs 
โ#vision2030 
โ#nomination_committee 
โ#remuneration_committee
โ#work_environment 
#ุจูุฆุฉ_ุงูุนูู
#ูุตุงุฆุญ #ุฎุจุฑุงุช #ุชุฌุงุฑุจ #ุฎุฑูุฌูู #ุจุงุญุซูู_ุนู_ุนูู 

#ููููุฏุงู #ููููุฏ_ุงู 
โ#LinkedIn",20h,,https://www.linkedin.com/feed/update/urn:li:activity:7257782279333134336?updateEntityUrn=urn%3Ali%3Afs_updateV2%3A%28urn%3Ali%3Aactivity%3A7257782279333134336%2CFEED_DETAIL%2CEMPTY%2CDEFAULT%2Cfalse%29,urn:li:activity:7257782279333134336
,ุทุจ ูุตุญู ูู Job Way Medical Recruitment Agency,doha Jobway,ACoAAEZEvh8BeNe1Sc4xCyQpMfGVm-jth6Pteh0,https://www.linkedin.com/in/ACoAAEZEvh8BeNe1Sc4xCyQpMfGVm-jth6Pteh0?miniProfileUrn=urn%3Ali%3Afs_miniProfile%3AACoAAEZEvh8BeNe1Sc4xCyQpMfGVm-jth6Pteh0,Person,,https://www.linkedin.com/search/results/content/?datePosted=past-24h&keywords=ุงููุฏููุฉ ูุธููุฉ&sortBy=%22date_posted%22,False,2024-10-31T12:11:50.683Z,1730376710683,2024-11-01 14:39:24,"โจ ูุฑุตุฉ ุนูู ุงุณุชุซูุงุฆูุฉ ููุฃุทุจุงุก ูู ูุฌุฑุงู๐ธ๐ฆโจ 
ุดุฑูุฉ ุฌูุจ ูุงู ููุชูุธูู ุงูุทุจู 

ุชุนูู ุดุฑูุฉ ุฌูุจ ูุงู ููุชูุธูู ุงูุทุจู
 ุนู ูุฑุตุฉ ุนูู ูููุฒุฉ 
ูู ูุฌูุน ุทุจู ุฑุงุฆุฏ ุจูุฏููุฉ ูุฌุฑุงู
ุงูุถู ุฅูู ูุฑูููุง ูุงุญุตู ุนูู ุชุฌุฑุจุฉ ููููุฉ ูุฑูุฏุฉ ูู ุจูุฆุฉ ุนูู ุงุญุชุฑุงููุฉ!

### ๐ ุงููุณูู ุงููุธููู: 
ุชูุฑูุถ ุงูุงุซ
### ๐ ุงููุชุทูุจุงุช:
- ูููููู ูู ุงูุณุนูุฏูุฉ
- ุชุฑุฎูุต ุงูููุฆุฉ ุงูุณุนูุฏูุฉ ููุชุฎุตุตุงุช ุงูุทุจูุฉ
- ุฌุงูุฒ ูููู ุงูููุงูุฉ ููุฑูุง
- ุฎุจุฑุฉ ูุง ุชูู ุนู ุณูุชูู ูู ุงูุชุฎุตุต

### ๐ ุงููุฒุงูุง ุงูุชู ููุฏููุง:
- ุณูู
- ุฅูุงูุฉ ุนูู ุดุงููุฉ
- ุชุฃููู ุตุญู ูุชูุงูู
- ุญูุงูุฒ ูุงููุฉ ุชูุงูุณูุฉ

### ๐ง ููููุฉ ุงูุชูุฏูู:
ุฅุฐุง ููุช ููุชููุงุ ูุฑุฌู ุฅุฑุณุงู ุงููุณุชูุฏุงุช ุงูุชุงููุฉ ุนุจุฑ ุงูุจุฑูุฏ ุงูุฅููุชุฑููู ูุน ุฐูุฑ ุงุณู ุงููุธููุฉ:
- ุณูุฑุฉ ุฐุงุชูุฉ ูุญุฏุซุฉ
- ูุงุฆูุฉ ุจุงูุดูุงุฏุงุช ูุงูุชุฑุงุฎูุต ุงููุชุงุญุฉ

ููุงุญุธุฉ: ููุฑุฌู ุชุญุฏูุฏ ุงููุฏููุฉ ุงูููุถูุฉ ููุนูู ุจูุง ูุชุงุฑูุฎ ุฌุงูุฒูุชู ููุชุนุงูุฏ.

๐ ุงูุจุฑูุฏ ุงูุฅููุชุฑููู: jobway.hiring.ksa@gmail.com
ุงู 
jobway.doctor.ksa@gmail.com

### ๐ ุงูุถู ุฅูู ูุฌุชูุนูุง:

- โ- ุฌุฑูุจ ุงูุชููุฌุฑุงู ูููุธุงุฆู ุงูุทุจูุฉ: [ุงูุถู ููุง](https://t.me/jobwayegypt)

- โ- ููุงุฉ ุงูุชููุฌุฑุงู ูููุธุงุฆู ุงูุทุจูุฉ: [ุงูุถู ููุง](https://t.me/Jobwaymedical)

- โ- ุตูุญุชูุง ุนูู ููููุฏ ุฅู: [ุฒูุงุฑุฉ ุงูุตูุญุฉ](https://lnkd.in/eRPXDfbW)

- โ- ููุงุฉ ุงููุงุชุณุงุจ ููุธุงุฆู ุทุจูุฉ: [ุงูุถู ููุง](https://lnkd.in/dKdxxh6h)

- ุฌุฑูุจ ูุธุงุฆู ูุงุชุณุงุจ (ูุฌุฑุงู)
https://lnkd.in/dn__fESp

- โ- ุงููููุน ุงูุฅููุชุฑููู ุงูุฑุณูู: [ุฒูุงุฑุฉ ุงููููุน](https://jobway-egy.com/)

- โ- ุตูุญุฉ ุงูููุณุจูู ุงูุฑุณููุฉ: [ุฒูุงุฑุฉ ุงูุตูุญุฉ](https://lnkd.in/eduTtC_h)

- โ- โ- ุฌุฑูุจ ุงูููุณุจูู ุงูุจุฏูู : 
https://lnkd.in/dz_8nmxe โ

- โ- ุฌุฑูุจ ุงูููุณุจูู ุงูุฑุณูู : [ุงูุถู ููุง](https://lnkd.in/eyrqTUm6)

๐ ๐ ุงูุนููุงู: 116 ุจุฑุฌ ุฌูููุฑุง ุจูุงุฒุง - ุฃุนูู ูุญูุงุช Activ - ุณูู ุญูุฒุฉ - ูุฑู - ุงูุฌูุฒุฉ - ูุตุฑ

๐ค ูุชููู ูู ุงูุชูููู ุงูุฏุงุฆู ูู ูุณูุฑุชู ุงูููููุฉ! 
#ูุธุงุฆู_ุทุจูุฉ #ุฌูุจ_ูุงู_ููุชูุธูู_ุงูุทุจู
#ูุฑุต_ุนูู #ูุธุงุฆู_ุงูุณุนูุฏูุฉ
#ุชูุธูู_ุงูุฃุทุจุงุก
#ุฃุทุจุงุก_ูุตุฑ
#ุฃุทุจุงุก_ุงูุณุนูุฏูุฉ
#ูุธุงุฆู_ุงูุงุทุจุงุก #ูุธุงุฆู_ุตูุงุฏูุฉ
#ูุธุงุฆู_ุชูุฑูุถ #ูุธุงุฆู_ุงูุงูุงุฑุงุช#ุฌูุจ_ูุงู_ููุชูุธูู_ุงูุทุจู#ูุธุงุฆู_ุงูุฑูุงุถ  #ูุธุงุฆู_ุงูููู  #ุชูุธูู  #ูุธุงุฆู #ูุธุงุฆู_ุงูุณุนูุฏูุฉ  #ูุธุงุฆู_ุงูุณุนูุฏูุฉ #ุงุจุดุฑ_ุชูุธูู  #ูุธููุฉ  #ููุดูุฑุงุช_ุงููุธุงุฆู  #ูุธููุฉ_ุดุงุบุฑุฉ  #ุฅุฏุงุฑุฉ  #ุงูุชุณููู  #ุงูููุฏุณุฉ  #ุงูุชูุธูู  #ุฌุฏุฉ  #ุณุงุนุฏ_ุชุชุณุงุนุฏ  #ูุธุงุฆู_ุฅุฏุงุฑูุฉ  #ุงูุฏูุงู #ุงูุทุจ  #ูุธุงุฆู_ุนูุงู  #ุงูุงูุงุฑุงุช  #ุฎุจุฑ  #ุงููููุช  #ุฌูุจ_ูุงู_ููุชูุธูู_ุงูุทุจู  #ูุทุฑ  #ุนุงุฌู  #ุณูุทูุฉ_ุนูุงู  #ูุธุงุฆู_ุฅุฏุงุฑูุฉ  #ูุธุงุฆู_ูู_ุงููููุช  #docker  #riyadh  #pathologylab  #ophthalmology  #psychologist  #internalmedicine  #psychologist  #orthodontics  #bones  #pediatrician  #nose  #nursing  #rays  #surgery  #neurologists  #psychologist  #urologist  #dentistry  #beautifying  #engineering  #jobs  #recruitment  #ksa  #pathologylab  #ophthalmology  #psychologist  #internalmedicine  #psychologist  #orthodontics  #bones  #pediatrician  #nose  #nursing  #rays  #surgery  #neurologists  #psychologist  #urologist  #dentistry  #beautifying  #engineering",1d,,https://www.linkedin.com/feed/update/urn:li:activity:7257725959125012480?updateEntityUrn=urn%3Ali%3Afs_updateV2%3A%28urn%3Ali%3Aactivity%3A7257725959125012480%2CFEED_DETAIL%2CEMPTY%2CDEFAULT%2Cfalse%29,urn:li:activity:7257725959125012480
,ุทุจ ูุตุญู ูู Job Way Medical Recruitment Agency,doha Jobway,ACoAAEZEvh8BeNe1Sc4xCyQpMfGVm-jth6Pteh0,https://www.linkedin.com/in/ACoAAEZEvh8BeNe1Sc4xCyQpMfGVm-jth6Pteh0?miniProfileUrn=urn%3Ali%3Afs_miniProfile%3AACoAAEZEvh8BeNe1Sc4xCyQpMfGVm-jth6Pteh0,Person,,https://www.linkedin.com/search/results/content/?datePosted=past-24h&keywords=ุงููุฏููุฉ ูุธููุฉ&sortBy=%22date_posted%22,False,2024-10-31T12:10:21.449Z,1730376621449,2024-11-01 14:39:24,"โจ ูุฑุตุฉ ุนูู ุงุณุชุซูุงุฆูุฉ ููุฃุทุจุงุก ูู ุฌุฏุฉ๐ธ๐ฆโจ 
ุดุฑูุฉ ุฌูุจ ูุงู ููุชูุธูู ุงูุทุจู 

ุชุนูู ุดุฑูุฉ ุฌูุจ ูุงู ููุชูุธูู ุงูุทุจู
 ุนู ูุฑุตุฉ ุนูู ูููุฒุฉ 
ูู ูุฌูุน ุทุจู ุฑุงุฆุฏ ุจูุฏููุฉ ุฌุฏุฉ
ุงูุถู ุฅูู ูุฑูููุง ูุงุญุตู ุนูู ุชุฌุฑุจุฉ ููููุฉ ูุฑูุฏุฉ ูู ุจูุฆุฉ ุนูู ุงุญุชุฑุงููุฉ!

### ๐ ุงููุณูู ุงููุธููู: 
ุชูุฑูุถ ุงูุงุซ
### ๐ ุงููุชุทูุจุงุช:
- ูููููู ูู ุงูุณุนูุฏูุฉ
- ุชุฑุฎูุต ุงูููุฆุฉ ุงูุณุนูุฏูุฉ ููุชุฎุตุตุงุช ุงูุทุจูุฉ
- ุฌุงูุฒ ูููู ุงูููุงูุฉ ููุฑูุง
- ุฎุจุฑุฉ ูุง ุชูู ุนู ุณูุชูู ูู ุงูุชุฎุตุต

### ๐ ุงููุฒุงูุง ุงูุชู ููุฏููุง:
- ุณูู
- ุฅูุงูุฉ ุนูู ุดุงููุฉ
- ุชุฃููู ุตุญู ูุชูุงูู
- ุญูุงูุฒ ูุงููุฉ ุชูุงูุณูุฉ

### ๐ง ููููุฉ ุงูุชูุฏูู:
ุฅุฐุง ููุช ููุชููุงุ ูุฑุฌู ุฅุฑุณุงู ุงููุณุชูุฏุงุช ุงูุชุงููุฉ ุนุจุฑ ุงูุจุฑูุฏ ุงูุฅููุชุฑููู ูุน ุฐูุฑ ุงุณู ุงููุธููุฉ:
- ุณูุฑุฉ ุฐุงุชูุฉ ูุญุฏุซุฉ
- ูุงุฆูุฉ ุจุงูุดูุงุฏุงุช ูุงูุชุฑุงุฎูุต ุงููุชุงุญุฉ

ููุงุญุธุฉ: ููุฑุฌู ุชุญุฏูุฏ ุงููุฏููุฉ ุงูููุถูุฉ ููุนูู ุจูุง ูุชุงุฑูุฎ ุฌุงูุฒูุชู ููุชุนุงูุฏ.

๐ ุงูุจุฑูุฏ ุงูุฅููุชุฑููู: jobway.hiring.ksa@gmail.com
ุงู 
jobway.doctor.ksa@gmail.com

### ๐ ุงูุถู ุฅูู ูุฌุชูุนูุง:

- โ- ุฌุฑูุจ ุงูุชููุฌุฑุงู ูููุธุงุฆู ุงูุทุจูุฉ: [ุงูุถู ููุง](https://t.me/jobwayegypt)

- โ- ููุงุฉ ุงูุชููุฌุฑุงู ูููุธุงุฆู ุงูุทุจูุฉ: [ุงูุถู ููุง](https://t.me/Jobwaymedical)

- โ- ุตูุญุชูุง ุนูู ููููุฏ ุฅู: [ุฒูุงุฑุฉ ุงูุตูุญุฉ](https://lnkd.in/eRPXDfbW)

- โ- ููุงุฉ ุงููุงุชุณุงุจ ููุธุงุฆู ุทุจูุฉ: [ุงูุถู ููุง](https://lnkd.in/dKdxxh6h)

- ุฌุฑูุจ ูุธุงุฆู ูุงุชุณุงุจ (ุฌุฏุฉ)
https://lnkd.in/dAqUf7vK

- โ- ุงููููุน ุงูุฅููุชุฑููู ุงูุฑุณูู: [ุฒูุงุฑุฉ ุงููููุน](https://jobway-egy.com/)

- โ- ุตูุญุฉ ุงูููุณุจูู ุงูุฑุณููุฉ: [ุฒูุงุฑุฉ ุงูุตูุญุฉ](https://lnkd.in/eduTtC_h)

- โ- โ- ุฌุฑูุจ ุงูููุณุจูู ุงูุจุฏูู : 
https://lnkd.in/dz_8nmxe โ

- โ- ุฌุฑูุจ ุงูููุณุจูู ุงูุฑุณูู : [ุงูุถู ููุง](https://lnkd.in/eyrqTUm6)

๐ ๐ ุงูุนููุงู: 116 ุจุฑุฌ ุฌูููุฑุง ุจูุงุฒุง - ุฃุนูู ูุญูุงุช Activ - ุณูู ุญูุฒุฉ - ูุฑู - ุงูุฌูุฒุฉ - ูุตุฑ

๐ค ูุชููู ูู ุงูุชูููู ุงูุฏุงุฆู ูู ูุณูุฑุชู ุงูููููุฉ! 
#ูุธุงุฆู_ุทุจูุฉ #ุฌูุจ_ูุงู_ููุชูุธูู_ุงูุทุจู
#ูุฑุต_ุนูู #ูุธุงุฆู_ุงูุณุนูุฏูุฉ
#ุชูุธูู_ุงูุฃุทุจุงุก
#ุฃุทุจุงุก_ูุตุฑ
#ุฃุทุจุงุก_ุงูุณุนูุฏูุฉ
#ูุธุงุฆู_ุงูุงุทุจุงุก #ูุธุงุฆู_ุตูุงุฏูุฉ
#ูุธุงุฆู_ุชูุฑูุถ #ูุธุงุฆู_ุงูุงูุงุฑุงุช#ุฌูุจ_ูุงู_ููุชูุธูู_ุงูุทุจู#ูุธุงุฆู_ุงูุฑูุงุถ  #ูุธุงุฆู_ุงูููู  #ุชูุธูู  #ูุธุงุฆู #ูุธุงุฆู_ุงูุณุนูุฏูุฉ  #ูุธุงุฆู_ุงูุณุนูุฏูุฉ #ุงุจุดุฑ_ุชูุธูู  #ูุธููุฉ  #ููุดูุฑุงุช_ุงููุธุงุฆู  #ูุธููุฉ_ุดุงุบุฑุฉ  #ุฅุฏุงุฑุฉ  #ุงูุชุณููู  #ุงูููุฏุณุฉ  #ุงูุชูุธูู  #ุฌุฏุฉ  #ุณุงุนุฏ_ุชุชุณุงุนุฏ  #ูุธุงุฆู_ุฅุฏุงุฑูุฉ  #ุงูุฏูุงู #ุงูุทุจ  #ูุธุงุฆู_ุนูุงู  #ุงูุงูุงุฑุงุช  #ุฎุจุฑ  #ุงููููุช  #ุฌูุจ_ูุงู_ููุชูุธูู_ุงูุทุจู  #ูุทุฑ  #ุนุงุฌู  #ุณูุทูุฉ_ุนูุงู  #ูุธุงุฆู_ุฅุฏุงุฑูุฉ  #ูุธุงุฆู_ูู_ุงููููุช  #docker  #riyadh  #pathologylab  #ophthalmology  #psychologist  #internalmedicine  #psychologist  #orthodontics  #bones  #pediatrician  #nose  #nursing  #rays  #surgery  #neurologists  #psychologist  #urologist  #dentistry  #beautifying  #engineering  #jobs  #recruitment  #ksa  #pathologylab  #ophthalmology  #psychologist  #internalmedicine  #psychologist  #orthodontics  #bones  #pediatrician  #nose  #nursing  #rays  #surgery  #neurologists  #psychologist  #urologist  #dentistry  #beautifying  #engineering",1d,,https://www.linkedin.com/feed/update/urn:li:activity:7257725584850518016?updateEntityUrn=urn%3Ali%3Afs_updateV2%3A%28urn%3Ali%3Aactivity%3A7257725584850518016%2CFEED_DETAIL%2CEMPTY%2CDEFAULT%2Cfalse%29,urn:li:activity:7257725584850518016
,ุทุจ ูุตุญู ูู Job Way Medical Recruitment Agency,doha Jobway,ACoAAEZEvh8BeNe1Sc4xCyQpMfGVm-jth6Pteh0,https://www.linkedin.com/in/ACoAAEZEvh8BeNe1Sc4xCyQpMfGVm-jth6Pteh0?miniProfileUrn=urn%3Ali%3Afs_miniProfile%3AACoAAEZEvh8BeNe1Sc4xCyQpMfGVm-jth6Pteh0,Person,,https://www.linkedin.com/search/results/content/?datePosted=past-24h&keywords=ุงููุฏููุฉ ูุธููุฉ&sortBy=%22date_posted%22,False,2024-10-31T12:08:21.553Z,1730376501553,2024-11-01 14:39:24,"โจ ูุฑุตุฉ ุนูู ุงุณุชุซูุงุฆูุฉ ููุฃุทุจุงุก ูู ุฌุฏุฉ๐ธ๐ฆโจ 
ุดุฑูุฉ ุฌูุจ ูุงู ููุชูุธูู ุงูุทุจู 

ุชุนูู ุดุฑูุฉ ุฌูุจ ูุงู ููุชูุธูู ุงูุทุจู
 ุนู ูุฑุตุฉ ุนูู ูููุฒุฉ 
ูู ูุฌูุน ุทุจู ุฑุงุฆุฏ ุจูุฏููุฉ ุฌุฏุฉ
ุงูุถู ุฅูู ูุฑูููุง ูุงุญุตู ุนูู ุชุฌุฑุจุฉ ููููุฉ ูุฑูุฏุฉ ูู ุจูุฆุฉ ุนูู ุงุญุชุฑุงููุฉ!

### ๐ ุงููุณูู ุงููุธููู: 
ุชูุฑูุถ ุฐููุฑ ูุงูุงุซ -
ุงุฎุตุงุฆ/ุฉ ุชุบุฐูุฉ-
### ๐ ุงููุชุทูุจุงุช:
- ูููููู ูู ุงูุณุนูุฏูุฉ
- ุชุฑุฎูุต ุงูููุฆุฉ ุงูุณุนูุฏูุฉ ููุชุฎุตุตุงุช ุงูุทุจูุฉ
- ุฌุงูุฒ ูููู ุงูููุงูุฉ ููุฑูุง
- ุฎุจุฑุฉ ูุง ุชูู ุนู ุณูุชูู ูู ุงูุชุฎุตุต

### ๐ ุงููุฒุงูุง ุงูุชู ููุฏููุง:
- ุณูู
- ุฅูุงูุฉ ุนูู ุดุงููุฉ
- ุชุฃููู ุตุญู ูุชูุงูู
- ุญูุงูุฒ ูุงููุฉ ุชูุงูุณูุฉ

### ๐ง ููููุฉ ุงูุชูุฏูู:
ุฅุฐุง ููุช ููุชููุงุ ูุฑุฌู ุฅุฑุณุงู ุงููุณุชูุฏุงุช ุงูุชุงููุฉ ุนุจุฑ ุงูุจุฑูุฏ ุงูุฅููุชุฑููู ูุน ุฐูุฑ ุงุณู ุงููุธููุฉ:
- ุณูุฑุฉ ุฐุงุชูุฉ ูุญุฏุซุฉ
- ูุงุฆูุฉ ุจุงูุดูุงุฏุงุช ูุงูุชุฑุงุฎูุต ุงููุชุงุญุฉ

ููุงุญุธุฉ: ููุฑุฌู ุชุญุฏูุฏ ุงููุฏููุฉ ุงูููุถูุฉ ููุนูู ุจูุง ูุชุงุฑูุฎ ุฌุงูุฒูุชู ููุชุนุงูุฏ.

๐ ุงูุจุฑูุฏ ุงูุฅููุชุฑููู: jobway.hiring.ksa@gmail.com
ุงู 
jobway.doctor.ksa@gmail.com

### ๐ ุงูุถู ุฅูู ูุฌุชูุนูุง:

- โ- ุฌุฑูุจ ุงูุชููุฌุฑุงู ูููุธุงุฆู ุงูุทุจูุฉ: [ุงูุถู ููุง](https://t.me/jobwayegypt)

- โ- ููุงุฉ ุงูุชููุฌุฑุงู ูููุธุงุฆู ุงูุทุจูุฉ: [ุงูุถู ููุง](https://t.me/Jobwaymedical)

- โ- ุตูุญุชูุง ุนูู ููููุฏ ุฅู: [ุฒูุงุฑุฉ ุงูุตูุญุฉ](https://lnkd.in/eRPXDfbW)

- โ- ููุงุฉ ุงููุงุชุณุงุจ ููุธุงุฆู ุทุจูุฉ: [ุงูุถู ููุง](https://lnkd.in/dKdxxh6h)

- ุฌุฑูุจ ูุธุงุฆู ูุงุชุณุงุจ (ุฌุฏุฉ)
https://lnkd.in/dAqUf7vK

- โ- ุงููููุน ุงูุฅููุชุฑููู ุงูุฑุณูู: [ุฒูุงุฑุฉ ุงููููุน](https://jobway-egy.com/)

- โ- ุตูุญุฉ ุงูููุณุจูู ุงูุฑุณููุฉ: [ุฒูุงุฑุฉ ุงูุตูุญุฉ](https://lnkd.in/eduTtC_h)

- โ- โ- ุฌุฑูุจ ุงูููุณุจูู ุงูุจุฏูู : 
https://lnkd.in/dz_8nmxe โ

- โ- ุฌุฑูุจ ุงูููุณุจูู ุงูุฑุณูู : [ุงูุถู ููุง](https://lnkd.in/eyrqTUm6)

๐ ๐ ุงูุนููุงู: 116 ุจุฑุฌ ุฌูููุฑุง ุจูุงุฒุง - ุฃุนูู ูุญูุงุช Activ - ุณูู ุญูุฒุฉ - ูุฑู - ุงูุฌูุฒุฉ - ูุตุฑ

๐ค ูุชููู ูู ุงูุชูููู ุงูุฏุงุฆู ูู ูุณูุฑุชู ุงูููููุฉ! 
#ูุธุงุฆู_ุทุจูุฉ #ุฌูุจ_ูุงู_ููุชูุธูู_ุงูุทุจู
#ูุฑุต_ุนูู #ูุธุงุฆู_ุงูุณุนูุฏูุฉ
#ุชูุธูู_ุงูุฃุทุจุงุก
#ุฃุทุจุงุก_ูุตุฑ
#ุฃุทุจุงุก_ุงูุณุนูุฏูุฉ
#ูุธุงุฆู_ุงูุงุทุจุงุก #ูุธุงุฆู_ุตูุงุฏูุฉ
#ูุธุงุฆู_ุชูุฑูุถ #ูุธุงุฆู_ุงูุงูุงุฑุงุช#ุฌูุจ_ูุงู_ููุชูุธูู_ุงูุทุจู#ูุธุงุฆู_ุงูุฑูุงุถ  #ูุธุงุฆู_ุงูููู  #ุชูุธูู  #ูุธุงุฆู #ูุธุงุฆู_ุงูุณุนูุฏูุฉ  #ูุธุงุฆู_ุงูุณุนูุฏูุฉ #ุงุจุดุฑ_ุชูุธูู  #ูุธููุฉ  #ููุดูุฑุงุช_ุงููุธุงุฆู  #ูุธููุฉ_ุดุงุบุฑุฉ  #ุฅุฏุงุฑุฉ  #ุงูุชุณููู  #ุงูููุฏุณุฉ  #ุงูุชูุธูู  #ุฌุฏุฉ  #ุณุงุนุฏ_ุชุชุณุงุนุฏ  #ูุธุงุฆู_ุฅุฏุงุฑูุฉ  #ุงูุฏูุงู #ุงูุทุจ  #ูุธุงุฆู_ุนูุงู  #ุงูุงูุงุฑุงุช  #ุฎุจุฑ  #ุงููููุช  #ุฌูุจ_ูุงู_ููุชูุธูู_ุงูุทุจู  #ูุทุฑ  #ุนุงุฌู  #ุณูุทูุฉ_ุนูุงู  #ูุธุงุฆู_ุฅุฏุงุฑูุฉ  #ูุธุงุฆู_ูู_ุงููููุช  #docker  #riyadh  #pathologylab  #ophthalmology  #psychologist  #internalmedicine  #psychologist  #orthodontics  #bones  #pediatrician  #nose  #nursing  #rays  #surgery  #neurologists  #psychologist  #urologist  #dentistry  #beautifying  #engineering  #jobs  #recruitment  #ksa  #pathologylab  #ophthalmology  #psychologist  #internalmedicine  #psychologist  #orthodontics  #bones  #pediatrician  #nose  #nursing  #rays  #surgery  #neurologists  #psychologist  #urologist  #dentistry  #beautifying  #engineering",1d,,https://www.linkedin.com/feed/update/urn:li:activity:7257725081970229248?updateEntityUrn=urn%3Ali%3Afs_updateV2%3A%28urn%3Ali%3Aactivity%3A7257725081970229248%2CFEED_DETAIL%2CEMPTY%2CDEFAULT%2Cfalse%29,urn:li:activity:7257725081970229248
,ุทุจ ูุตุญู ูู Job Way Medical Recruitment Agency,doha Jobway,ACoAAEZEvh8BeNe1Sc4xCyQpMfGVm-jth6Pteh0,https://www.linkedin.com/in/ACoAAEZEvh8BeNe1Sc4xCyQpMfGVm-jth6Pteh0?miniProfileUrn=urn%3Ali%3Afs_miniProfile%3AACoAAEZEvh8BeNe1Sc4xCyQpMfGVm-jth6Pteh0,Person,https://media.licdn.com/dms/image/sync/v2/D4E27AQF5Lqb7RW-d-g/articleshare-shrink_800/articleshare-shrink_800/0/1682522892963?e=1731070800&v=beta&t=0DeDpOmYBn9rua_Z6BMZxuGTcW0QnO0FGJ9dPXYXyR8,https://www.linkedin.com/search/results/content/?datePosted=past-24h&keywords=ุงููุฏููุฉ ูุธููุฉ&sortBy=%22date_posted%22,False,2024-10-31T12:06:40.137Z,1730376400137,2024-11-01 14:39:24,"โจ ูุฑุตุฉ ุนูู ุงุณุชุซูุงุฆูุฉ ููุฃุทุจุงุก ูู ุงูุฑูุงุถ๐ธ๐ฆโจ 
ุดุฑูุฉ ุฌูุจ ูุงู ููุชูุธูู ุงูุทุจู 

ุชุนูู ุดุฑูุฉ ุฌูุจ ูุงู ููุชูุธูู ุงูุทุจู
 ุนู ูุฑุตุฉ ุนูู ูููุฒุฉ 
ูู ูุฌูุน ุทุจู ุฑุงุฆุฏ ุจูุฏููุฉ  ุงูุฑูุงุถ 
ุงูุถู ุฅูู ูุฑูููุง ูุงุญุตู ุนูู ุชุฌุฑุจุฉ ููููุฉ ูุฑูุฏุฉ ูู ุจูุฆุฉ ุนูู ุงุญุชุฑุงููุฉ!

### ๐ ุงููุณูู ุงููุธููู: 
ุงุฐู ูู (ุงูุฏุงุฑ ุงูุจูุถุงุก)-
ุงุฎุตุงุฆูุฉ ุงุดุนุฉ -
-ุงุฎุตุงุฆูุฉ/ูููุฉ ุชูุฑูุถ
ุงุทุจุงุก ุฌูุฏูุฉ 
ุงุทุจุงุก ุงุทูุงู
ุงุฎุตุงุฆู ุงูู ูุงุฐู 
ูุณููุฉ ุทุจูุฉ ุณุจู ููุง ุงูุนูู ูู ูุฌูุนุงุช ุทุจูุฉ ูุงู ุชููู ูู ุณูุงู ุงูุฑูุงุถ 
### ๐ ุงููุชุทูุจุงุช:
- ูููููู ูู ุงูุณุนูุฏูุฉ
- ุชุฑุฎูุต ุงูููุฆุฉ ุงูุณุนูุฏูุฉ ููุชุฎุตุตุงุช ุงูุทุจูุฉ
- ุฌุงูุฒ ูููู ุงูููุงูุฉ ููุฑูุง
- ุฎุจุฑุฉ ูุง ุชูู ุนู ุณูุชูู ูู ุงูุชุฎุตุต

### ๐ ุงููุฒุงูุง ุงูุชู ููุฏููุง:
- ุณูู
- ุฅูุงูุฉ ุนูู ุดุงููุฉ
- ุชุฃููู ุตุญู ูุชูุงูู
- ุญูุงูุฒ ูุงููุฉ ุชูุงูุณูุฉ

### ๐ง ููููุฉ ุงูุชูุฏูู:
ุฅุฐุง ููุช ููุชููุงุ ูุฑุฌู ุฅุฑุณุงู ุงููุณุชูุฏุงุช ุงูุชุงููุฉ ุนุจุฑ ุงูุจุฑูุฏ ุงูุฅููุชุฑููู ูุน ุฐูุฑ ุงุณู ุงููุธููุฉ:
- ุณูุฑุฉ ุฐุงุชูุฉ ูุญุฏุซุฉ
- ูุงุฆูุฉ ุจุงูุดูุงุฏุงุช ูุงูุชุฑุงุฎูุต ุงููุชุงุญุฉ

ููุงุญุธุฉ: ููุฑุฌู ุชุญุฏูุฏ ุงููุฏููุฉ ุงูููุถูุฉ ููุนูู ุจูุง ูุชุงุฑูุฎ ุฌุงูุฒูุชู ููุชุนุงูุฏ.

๐ ุงูุจุฑูุฏ ุงูุฅููุชุฑููู: jobway.hiring.ksa@gmail.com
ุงู 
jobway.doctor.ksa@gmail.com

### ๐ ุงูุถู ุฅูู ูุฌุชูุนูุง:

- โ- ุฌุฑูุจ ุงูุชููุฌุฑุงู ูููุธุงุฆู ุงูุทุจูุฉ: [ุงูุถู ููุง](https://t.me/jobwayegypt)

- โ- ููุงุฉ ุงูุชููุฌุฑุงู ูููุธุงุฆู ุงูุทุจูุฉ: [ุงูุถู ููุง](https://t.me/Jobwaymedical)

- โ- ุตูุญุชูุง ุนูู ููููุฏ ุฅู: [ุฒูุงุฑุฉ ุงูุตูุญุฉ](https://lnkd.in/eRPXDfbW)

- โ- ููุงุฉ ุงููุงุชุณุงุจ ููุธุงุฆู ุทุจูุฉ: [ุงูุถู ููุง](https://lnkd.in/dKdxxh6h)

- ุฌุฑูุจ ูุธุงุฆู ูุงุชุณุงุจ (ุงูุฑูุงุถ)
https://lnkd.in/dazcvTYq

- โ- ุงููููุน ุงูุฅููุชุฑููู ุงูุฑุณูู: [ุฒูุงุฑุฉ ุงููููุน](https://jobway-egy.com/)

- โ- ุตูุญุฉ ุงูููุณุจูู ุงูุฑุณููุฉ: [ุฒูุงุฑุฉ ุงูุตูุญุฉ](https://lnkd.in/eduTtC_h)

- โ- โ- ุฌุฑูุจ ุงูููุณุจูู ุงูุจุฏูู : 
https://lnkd.in/dz_8nmxe โ

- โ- ุฌุฑูุจ ุงูููุณุจูู ุงูุฑุณูู : [ุงูุถู ููุง](https://lnkd.in/eyrqTUm6)

๐ ๐ ุงูุนููุงู: 116 ุจุฑุฌ ุฌูููุฑุง ุจูุงุฒุง - ุฃุนูู ูุญูุงุช Activ - ุณูู ุญูุฒุฉ - ูุฑู - ุงูุฌูุฒุฉ - ูุตุฑ

๐ค ูุชููู ูู ุงูุชูููู ุงูุฏุงุฆู ูู ูุณูุฑุชู ุงูููููุฉ! 
#ูุธุงุฆู_ุทุจูุฉ #ุฌูุจ_ูุงู_ููุชูุธูู_ุงูุทุจู
#ูุฑุต_ุนูู #ูุธุงุฆู_ุงูุณุนูุฏูุฉ
#ุชูุธูู_ุงูุฃุทุจุงุก
#ุฃุทุจุงุก_ูุตุฑ
#ุฃุทุจุงุก_ุงูุณุนูุฏูุฉ
#ูุธุงุฆู_ุงูุงุทุจุงุก #ูุธุงุฆู_ุตูุงุฏูุฉ
#ูุธุงุฆู_ุชูุฑูุถ #ูุธุงุฆู_ุงูุงูุงุฑุงุช#ุฌูุจ_ูุงู_ููุชูุธูู_ุงูุทุจู#ูุธุงุฆู_ุงูุฑูุงุถ  #ูุธุงุฆู_ุงูููู  #ุชูุธูู  #ูุธุงุฆู #ูุธุงุฆู_ุงูุณุนูุฏูุฉ  #ูุธุงุฆู_ุงูุณุนูุฏูุฉ #ุงุจุดุฑ_ุชูุธูู  #ูุธููุฉ  #ููุดูุฑุงุช_ุงููุธุงุฆู  #ูุธููุฉ_ุดุงุบุฑุฉ  #ุฅุฏุงุฑุฉ  #ุงูุชุณููู  #ุงูููุฏุณุฉ  #ุงูุชูุธูู  #ุฌุฏุฉ  #ุณุงุนุฏ_ุชุชุณุงุนุฏ  #ูุธุงุฆู_ุฅุฏุงุฑูุฉ  #ุงูุฏูุงู #ุงูุทุจ  #ูุธุงุฆู_ุนูุงู  #ุงูุงูุงุฑุงุช  #ุฎุจุฑ  #ุงููููุช  #ุฌูุจ_ูุงู_ููุชูุธูู_ุงูุทุจู  #ูุทุฑ  #ุนุงุฌู  #ุณูุทูุฉ_ุนูุงู  #ูุธุงุฆู_ุฅุฏุงุฑูุฉ  #ูุธุงุฆู_ูู_ุงููููุช  #docker  #riyadh  #pathologylab  #ophthalmology  #psychologist  #internalmedicine  #psychologist  #orthodontics  #bones  #pediatrician  #nose  #nursing  #rays  #surgery  #neurologists  #psychologist  #urologist  #dentistry  #beautifying  #engineering  #jobs  #recruitment  #ksa  #pathologylab  #ophthalmology  #psychologist  #internalmedicine  #psychologist  #orthodontics  #bones  #pediatrician  #nose  #nursing  #rays  #surgery  #neurologists  #psychologist  #urologist  #dentistry  #beautifying  #engineering",1d,ูุธุงุฆู ุงุทุจุงุก ุงูุฑูุงุถ,https://www.linkedin.com/feed/update/urn:li:activity:7257724656600698880?updateEntityUrn=urn%3Ali%3Afs_updateV2%3A%28urn%3Ali%3Aactivity%3A7257724656600698880%2CFEED_DETAIL%2CEMPTY%2CDEFAULT%2Cfalse%29,urn:li:activity:7257724656600698880
,ุทุจ ูุตุญู ูู Job Way Medical Recruitment Agency,doha Jobway,ACoAAEZEvh8BeNe1Sc4xCyQpMfGVm-jth6Pteh0,https://www.linkedin.com/in/ACoAAEZEvh8BeNe1Sc4xCyQpMfGVm-jth6Pteh0?miniProfileUrn=urn%3Ali%3Afs_miniProfile%3AACoAAEZEvh8BeNe1Sc4xCyQpMfGVm-jth6Pteh0,Person,,https://www.linkedin.com/search/results/content/?datePosted=past-24h&keywords=ุงููุฏููุฉ ูุธููุฉ&sortBy=%22date_posted%22,False,2024-10-31T12:04:47.378Z,1730376287378,2024-11-01 14:39:24,"โจ ูุฑุตุฉ ุนูู ุงุณุชุซูุงุฆูุฉ ููุฃุทุจุงุก ูู ุจูุดุฉ๐ธ๐ฆโจ 
ุดุฑูุฉ ุฌูุจ ูุงู ููุชูุธูู ุงูุทุจู 

ุชุนูู ุดุฑูุฉ ุฌูุจ ูุงู ููุชูุธูู ุงูุทุจู
 ุนู ูุฑุตุฉ ุนูู ูููุฒุฉ 
ูู ูุฌูุน ุทุจู ุฑุงุฆุฏ ุจูุฏููุฉ( ุจูุดุฉ)
ุงูุถู ุฅูู ูุฑูููุง ูุงุญุตู ุนูู ุชุฌุฑุจุฉ ููููุฉ ูุฑูุฏุฉ ูู ุจูุฆุฉ ุนูู ุงุญุชุฑุงููุฉ!

### ๐ ุงููุณูู ุงููุธููู: 
- ุงุฎุตุงุฆู/ุฉ ูุฌู ููููู

### ๐ ุงููุชุทูุจุงุช:
- ูููููู ูู ุงูุณุนูุฏูุฉ
- ุชุฑุฎูุต ุงูููุฆุฉ ุงูุณุนูุฏูุฉ ููุชุฎุตุตุงุช ุงูุทุจูุฉ
- ุฌุงูุฒ ูููู ุงูููุงูุฉ ููุฑูุง
- ุฎุจุฑุฉ ูุง ุชูู ุนู ุณูุชูู ูู ุงูุชุฎุตุต

### ๐ ุงููุฒุงูุง ุงูุชู ููุฏููุง:
- ุณูู
- ุฅูุงูุฉ ุนูู ุดุงููุฉ
- ุชุฃููู ุตุญู ูุชูุงูู
- ุญูุงูุฒ ูุงููุฉ ุชูุงูุณูุฉ

### ๐ง ููููุฉ ุงูุชูุฏูู:
ุฅุฐุง ููุช ููุชููุงุ ูุฑุฌู ุฅุฑุณุงู ุงููุณุชูุฏุงุช ุงูุชุงููุฉ ุนุจุฑ ุงูุจุฑูุฏ ุงูุฅููุชุฑููู ูุน ุฐูุฑ ุงุณู ุงููุธููุฉ:
- ุณูุฑุฉ ุฐุงุชูุฉ ูุญุฏุซุฉ
- ูุงุฆูุฉ ุจุงูุดูุงุฏุงุช ูุงูุชุฑุงุฎูุต ุงููุชุงุญุฉ

ููุงุญุธุฉ: ููุฑุฌู ุชุญุฏูุฏ ุงููุฏููุฉ ุงูููุถูุฉ ููุนูู ุจูุง ูุชุงุฑูุฎ ุฌุงูุฒูุชู ููุชุนุงูุฏ.

๐ ุงูุจุฑูุฏ ุงูุฅููุชุฑููู: jobway.hiring.ksa@gmail.com
ุงู 
jobway.doctor.ksa@gmail.com

### ๐ ุงูุถู ุฅูู ูุฌุชูุนูุง:

- โ- ุฌุฑูุจ ุงูุชููุฌุฑุงู ูููุธุงุฆู ุงูุทุจูุฉ: [ุงูุถู ููุง](https://t.me/jobwayegypt)

- โ- ููุงุฉ ุงูุชููุฌุฑุงู ูููุธุงุฆู ุงูุทุจูุฉ: [ุงูุถู ููุง](https://t.me/Jobwaymedical)

- โ- ุตูุญุชูุง ุนูู ููููุฏ ุฅู: [ุฒูุงุฑุฉ ุงูุตูุญุฉ](https://lnkd.in/eRPXDfbW)

- โ- ููุงุฉ ุงููุงุชุณุงุจ ููุธุงุฆู ุทุจูุฉ: [ุงูุถู ููุง](https://lnkd.in/dKdxxh6h)

- ุฌุฑูุจ ูุธุงุฆู ูุงุชุณุงุจ (ุจูุดุฉ)
https://lnkd.in/dBntTJ7v

- โ- ุงููููุน ุงูุฅููุชุฑููู ุงูุฑุณูู: [ุฒูุงุฑุฉ ุงููููุน](https://jobway-egy.com/)

- โ- ุตูุญุฉ ุงูููุณุจูู ุงูุฑุณููุฉ: [ุฒูุงุฑุฉ ุงูุตูุญุฉ](https://lnkd.in/eduTtC_h)

- โ- โ- ุฌุฑูุจ ุงูููุณุจูู ุงูุจุฏูู : 
https://lnkd.in/dz_8nmxe โ

- โ- ุฌุฑูุจ ุงูููุณุจูู ุงูุฑุณูู : [ุงูุถู ููุง](https://lnkd.in/eyrqTUm6)

๐ ๐ ุงูุนููุงู: 116 ุจุฑุฌ ุฌูููุฑุง ุจูุงุฒุง - ุฃุนูู ูุญูุงุช Activ - ุณูู ุญูุฒุฉ - ูุฑู - ุงูุฌูุฒุฉ - ูุตุฑ

๐ค ูุชููู ูู ุงูุชูููู ุงูุฏุงุฆู ูู ูุณูุฑุชู ุงูููููุฉ! 
#ูุธุงุฆู_ุทุจูุฉ #ุฌูุจ_ูุงู_ููุชูุธูู_ุงูุทุจู
#ูุฑุต_ุนูู #ูุธุงุฆู_ุงูุณุนูุฏูุฉ
#ุชูุธูู_ุงูุฃุทุจุงุก
#ุฃุทุจุงุก_ูุตุฑ
#ุฃุทุจุงุก_ุงูุณุนูุฏูุฉ
#ูุธุงุฆู_ุงูุงุทุจุงุก #ูุธุงุฆู_ุตูุงุฏูุฉ
#ูุธุงุฆู_ุชูุฑูุถ #ูุธุงุฆู_ุงูุงูุงุฑุงุช#ุฌูุจ_ูุงู_ููุชูุธูู_ุงูุทุจู#ูุธุงุฆู_ุงูุฑูุงุถ  #ูุธุงุฆู_ุงูููู  #ุชูุธูู  #ูุธุงุฆู #ูุธุงุฆู_ุงูุณุนูุฏูุฉ  #ูุธุงุฆู_ุงูุณุนูุฏูุฉ #ุงุจุดุฑ_ุชูุธูู  #ูุธููุฉ  #ููุดูุฑุงุช_ุงููุธุงุฆู  #ูุธููุฉ_ุดุงุบุฑุฉ  #ุฅุฏุงุฑุฉ  #ุงูุชุณููู  #ุงูููุฏุณุฉ  #ุงูุชูุธูู  #ุฌุฏุฉ  #ุณุงุนุฏ_ุชุชุณุงุนุฏ  #ูุธุงุฆู_ุฅุฏุงุฑูุฉ  #ุงูุฏูุงู #ุงูุทุจ  #ูุธุงุฆู_ุนูุงู  #ุงูุงูุงุฑุงุช  #ุฎุจุฑ  #ุงููููุช  #ุฌูุจ_ูุงู_ููุชูุธูู_ุงูุทุจู  #ูุทุฑ  #ุนุงุฌู  #ุณูุทูุฉ_ุนูุงู  #ูุธุงุฆู_ุฅุฏุงุฑูุฉ  #ูุธุงุฆู_ูู_ุงููููุช  #docker  #riyadh  #pathologylab  #ophthalmology  #psychologist  #internalmedicine  #psychologist  #orthodontics  #bones  #pediatrician  #nose  #nursing  #rays  #surgery  #neurologists  #psychologist  #urologist  #dentistry  #beautifying  #engineering  #jobs  #recruitment  #ksa  #pathologylab  #ophthalmology  #psychologist  #internalmedicine  #psychologist  #orthodontics  #bones  #pediatrician  #nose  #nursing  #rays  #surgery  #neurologists  #psychologist  #urologist  #dentistry  #beautifying  #engineering",1d,,https://www.linkedin.com/feed/update/urn:li:activity:7257724183655182337?updateEntityUrn=urn%3Ali%3Afs_updateV2%3A%28urn%3Ali%3Aactivity%3A7257724183655182337%2CFEED_DETAIL%2CEMPTY%2CDEFAULT%2Cfalse%29,urn:li:activity:7257724183655182337
,ุทุจ ูุตุญู ูู Job Way Medical Recruitment Agency,doha Jobway,ACoAAEZEvh8BeNe1Sc4xCyQpMfGVm-jth6Pteh0,https://www.linkedin.com/in/ACoAAEZEvh8BeNe1Sc4xCyQpMfGVm-jth6Pteh0?miniProfileUrn=urn%3Ali%3Afs_miniProfile%3AACoAAEZEvh8BeNe1Sc4xCyQpMfGVm-jth6Pteh0,Person,https://media.licdn.com/dms/image/sync/v2/C4D27AQGZ5SWQogb4sg/articleshare-shrink_800/articleshare-shrink_800/0/1672675612179?e=1731070800&v=beta&t=YbsPSEzRx1jA6HGSAxeU_NQtK3Pz1wd28ipjRenkzh4,https://www.linkedin.com/search/results/content/?datePosted=past-24h&keywords=ุงููุฏููุฉ ูุธููุฉ&sortBy=%22date_posted%22,False,2024-10-31T12:00:06.158Z,1730376006158,2024-11-01 14:39:24,"โจ ูุฑุตุฉ ุนูู ุงุณุชุซูุงุฆูุฉ ููุฃุทุจุงุก ูู ุงูุฏูุงู๐ธ๐ฆโจ 
ุดุฑูุฉ ุฌูุจ ูุงู ููุชูุธูู ุงูุทุจู 

ุชุนูู ุดุฑูุฉ ุฌูุจ ูุงู ููุชูุธูู ุงูุทุจู
 ุนู ูุฑุตุฉ ุนูู ูููุฒุฉ 
ูู ูุฌูุน ุทุจู ุฑุงุฆุฏ ุจูุฏููุฉ ุงูุฏูุงู
ุงูุถู ุฅูู ูุฑูููุง ูุงุญุตู ุนูู ุชุฌุฑุจุฉ ููููุฉ ูุฑูุฏุฉ ูู ุจูุฆุฉ ุนูู ุงุญุชุฑุงููุฉ!

### ๐ ุงููุณูู ุงููุธููู: 
-      ูุงุฆุจ ุทูุงุฑุฆ
### ๐ ุงููุชุทูุจุงุช:
- ูููููู ูู ุงูุณุนูุฏูุฉ
- ุชุฑุฎูุต ุงูููุฆุฉ ุงูุณุนูุฏูุฉ ููุชุฎุตุตุงุช ุงูุทุจูุฉ
- ุฌุงูุฒ ูููู ุงูููุงูุฉ ููุฑูุง
- ุฎุจุฑุฉ ูุง ุชูู ุนู ุณูุชูู ูู ุงูุชุฎุตุต

### ๐ ุงููุฒุงูุง ุงูุชู ููุฏููุง:
- ุณูู
- ุฅูุงูุฉ ุนูู ุดุงููุฉ
- ุชุฃููู ุตุญู ูุชูุงูู
- ุญูุงูุฒ ูุงููุฉ ุชูุงูุณูุฉ

### ๐ง ููููุฉ ุงูุชูุฏูู:
ุฅุฐุง ููุช ููุชููุงุ ูุฑุฌู ุฅุฑุณุงู ุงููุณุชูุฏุงุช ุงูุชุงููุฉ ุนุจุฑ ุงูุจุฑูุฏ ุงูุฅููุชุฑููู ูุน ุฐูุฑ ุงุณู ุงููุธููุฉ:
- ุณูุฑุฉ ุฐุงุชูุฉ ูุญุฏุซุฉ
- ูุงุฆูุฉ ุจุงูุดูุงุฏุงุช ูุงูุชุฑุงุฎูุต ุงููุชุงุญุฉ

ููุงุญุธุฉ: ููุฑุฌู ุชุญุฏูุฏ ุงููุฏููุฉ ุงูููุถูุฉ ููุนูู ุจูุง ูุชุงุฑูุฎ ุฌุงูุฒูุชู ููุชุนุงูุฏ.

๐ ุงูุจุฑูุฏ ุงูุฅููุชุฑููู: jobway.hiring.ksa@gmail.com
ุงู 
jobway.doctor.ksa@gmail.com

### ๐ ุงูุถู ุฅูู ูุฌุชูุนูุง:

- โ- ุฌุฑูุจ ุงูุชููุฌุฑุงู ูููุธุงุฆู ุงูุทุจูุฉ: [ุงูุถู ููุง](https://t.me/jobwayegypt)

- โ- ููุงุฉ ุงูุชููุฌุฑุงู ูููุธุงุฆู ุงูุทุจูุฉ: [ุงูุถู ููุง](https://t.me/Jobwaymedical)

- โ- ุตูุญุชูุง ุนูู ููููุฏ ุฅู: [ุฒูุงุฑุฉ ุงูุตูุญุฉ](https://lnkd.in/eRPXDfbW)

- โ- ููุงุฉ ุงููุงุชุณุงุจ ููุธุงุฆู ุทุจูุฉ: [ุงูุถู ููุง](https://lnkd.in/dKdxxh6h)

- ุฌุฑูุจ ูุธุงุฆู ูุงุชุณุงุจ (ุงูุฏูุงู)
https://lnkd.in/drSh83xi
	
- โ- ุงููููุน ุงูุฅููุชุฑููู ุงูุฑุณูู: [ุฒูุงุฑุฉ ุงููููุน](https://jobway-egy.com/)

- โ- ุตูุญุฉ ุงูููุณุจูู ุงูุฑุณููุฉ: [ุฒูุงุฑุฉ ุงูุตูุญุฉ](https://lnkd.in/eduTtC_h)

- โ- โ- ุฌุฑูุจ ุงูููุณุจูู ุงูุจุฏูู : 
https://lnkd.in/dz_8nmxe โ

- โ- ุฌุฑูุจ ุงูููุณุจูู ุงูุฑุณูู : [ุงูุถู ููุง](https://lnkd.in/eyrqTUm6)

๐ ๐ ุงูุนููุงู: 116 ุจุฑุฌ ุฌูููุฑุง ุจูุงุฒุง - ุฃุนูู ูุญูุงุช Activ - ุณูู ุญูุฒุฉ - ูุฑู - ุงูุฌูุฒุฉ - ูุตุฑ

๐ค ูุชููู ูู ุงูุชูููู ุงูุฏุงุฆู ูู ูุณูุฑุชู ุงูููููุฉ! 
#ูุธุงุฆู_ุทุจูุฉ #ุฌูุจ_ูุงู_ููุชูุธูู_ุงูุทุจู
#ูุฑุต_ุนูู #ูุธุงุฆู_ุงูุณุนูุฏูุฉ
#ุชูุธูู_ุงูุฃุทุจุงุก
#ุฃุทุจุงุก_ูุตุฑ
#ุฃุทุจุงุก_ุงูุณุนูุฏูุฉ
#ูุธุงุฆู_ุงูุงุทุจุงุก #ูุธุงุฆู_ุตูุงุฏูุฉ
#ูุธุงุฆู_ุชูุฑูุถ #ูุธุงุฆู_ุงูุงูุงุฑุงุช#ุฌูุจ_ูุงู_ููุชูุธูู_ุงูุทุจู#ูุธุงุฆู_ุงูุฑูุงุถ  #ูุธุงุฆู_ุงูููู  #ุชูุธูู  #ูุธุงุฆู #ูุธุงุฆู_ุงูุณุนูุฏูุฉ  #ูุธุงุฆู_ุงูุณุนูุฏูุฉ #ุงุจุดุฑ_ุชูุธูู  #ูุธููุฉ  #ููุดูุฑุงุช_ุงููุธุงุฆู  #ูุธููุฉ_ุดุงุบุฑุฉ  #ุฅุฏุงุฑุฉ  #ุงูุชุณููู  #ุงูููุฏุณุฉ  #ุงูุชูุธูู  #ุฌุฏุฉ  #ุณุงุนุฏ_ุชุชุณุงุนุฏ  #ูุธุงุฆู_ุฅุฏุงุฑูุฉ  #ุงูุฏูุงู #ุงูุทุจ  #ูุธุงุฆู_ุนูุงู  #ุงูุงูุงุฑุงุช  #ุฎุจุฑ  #ุงููููุช  #ุฌูุจ_ูุงู_ููุชูุธูู_ุงูุทุจู  #ูุทุฑ  #ุนุงุฌู  #ุณูุทูุฉ_ุนูุงู  #ูุธุงุฆู_ุฅุฏุงุฑูุฉ  #ูุธุงุฆู_ูู_ุงููููุช  #docker  #riyadh  #pathologylab  #ophthalmology  #psychologist  #internalmedicine  #psychologist  #orthodontics  #bones  #pediatrician  #nose  #nursing  #rays  #surgery  #neurologists  #psychologist  #urologist  #dentistry  #beautifying  #engineering  #jobs  #recruitment  #ksa  #pathologylab  #ophthalmology  #psychologist  #internalmedicine  #psychologist  #orthodontics  #bones  #pediatrician  #nose  #nursing  #rays  #surgery  #neurologists  #psychologist  #urologist  #dentistry  #beautifying  #engineering",1d,ูุธุงุฆู ุทุจูุฉ ุจุงูุฏูุงู ู.ู,https://www.linkedin.com/feed/update/urn:li:activity:7257723004132986880?updateEntityUrn=urn%3Ali%3Afs_updateV2%3A%28urn%3Ali%3Aactivity%3A7257723004132986880%2CFEED_DETAIL%2CEMPTY%2CDEFAULT%2Cfalse%29,urn:li:activity:7257723004132986880
