Index,authorName,authorTelegram,channelName,date,forwardedFromUrl,forwardedTitle,linkPreview,repliedTo,scrappingDate,text,viewsCount,source_file,emails,email_count,links,link_count,postTime,postStatus
0,ุชุฌููุน ูุธุงุฆู ุงููุฏููุฉ,https://t.me/jobsmadina,jobsmadina,2024-08-30T10:56:56+00:00,-,-,-,-,2024-11-01 14:47:25,ูุนูู #ุดุฑูุฉ_ุฃููุงุช ุนู ุชููุฑ ุดูุงุบุฑ ูุธูููุฉ ูู ุงููุฏููุฉ ุงููููุฑุฉ ูุฐูู ูููุง ูููุณูู ุงููุธููู ูุงููุนูููุงุช ุงูุชุงููุฉ :ุงููุณููุงุช ุงููุธูููุฉ ูุงูุดุฑูุท:ููุธู/ูุฉ ุงุณุชูุจุงูุงูุดุฑูุท:- ุฃู ูููู ุงููุชูุฏู ุณุนูุฏู ุงูุฌูุณูุฉ.- ููุถู ูุฌูุฏ ุฎุจุฑุฉ ุณุงุจูุฉ ูู ูุฌุงู ุงูุงุณุชูุจุงู ุฃู ุฎุฏูุฉ ุงูุนููุงุก.- ููุงุฑุงุช ุชูุงุตู ุนุงููุฉ ููุฏุฑุฉ ุนูู ุงูุชุนุงูู ูุน ุงูุฒูุงุฑ ุจูุจุงูุฉ ูุงุญุชุฑุงููุฉ.ุฃุฎุตุงุฆูุฉ ุฌูุฏุฉุงูุดุฑูุท:- ุจูุงููุฑููุณ ูู ุงูุชุบุฐูุฉ ุฃู ุชุฎุตุต ุฐู ุตูุฉ.- ุฃู ุชููู ุงููุชูุฏูุฉ ุณุนูุฏูุฉ ุงูุฌูุณูุฉ.- ูุนุฑูุฉ ุฌูุฏุฉ ุจูุนุงููุฑ ุงูุฌูุฏุฉ ูู ูุทุงุน ุงูุชุบุฐูุฉ.- ููุถู ูุฌูุฏ ุฎุจุฑุฉ ุณุงุจูุฉ ูู ูุฌุงู ุงูุฌูุฏุฉ ุฃู ุฅุฏุงุฑุฉ ุงูุบุฐุงุก.ุงููุณููุงุช ุงููุธูููุฉ:- ููุธู/ูุฉ ุฅุณุชูุจุงู.- ุฃุฎุตุงุฆูุฉ ุฌูุฏุฉ.ููุชูุฏูู ูููุธุงุฆู ุงููุฑุฌู ุฅุฑุณุงู ุงูุณูุฑุฉ ุงูุฐุงุชูุฉ ุนูู ุงูุฅูููู ุงูุฑูู ุงูุชุงูู :hrresturant57@gmail.com,1.7K,jobsmadina_ypRmO3Cff4GrYwGi4_results,['hrresturant57@gmail.com'],1,[],0,2024-08-30 10:56:56,Empty
1,ุชุฌููุน ูุธุงุฆู ุงููุฏููุฉ,https://t.me/jobsmadina,jobsmadina,2024-08-30T11:14:14+00:00,-,-,-,-,2024-11-01 14:47:25,ุจุดูู ุนุงุฌู ๐โุดุฑูุฉ ุฑุงุฆุฏุฉ ูู ูุฌุงู ุงูุชุฌุฒุฆุฉ ุชุจุญุซ ุนู  โ( ุงุฎุตุงุฆูุฉ ูุจูุนุงุช )  ุจุฌููุน ููุงุทู ุงูููููุฉ โุงููุชุทูุจุงุช :โ- โุณุนูุฏูุฉ ุงูุฌูุณูุฉโ- โุฎุจุฑุฉ ุจููุณ ุงููุฌุงู ูุง ุชูู ุนู ุณูุฉ โ- โุงูุชูุธูู ููุฑู โ- ุฑุงุชุจ ุดูุฑู + ููุงูุฃุฉ ุงูุถุจุงุท  โููุชูุฏููhttps://docs.google.com/forms/d/e/1FAIpQLSelooPrWK6XNUXV7D0-r-u3mNFBpiSkK3wfERSmeBiE99PhfQ/viewform?vc=0&c=0&w=1&flr=0&pli=1,1.8K,jobsmadina_ypRmO3Cff4GrYwGi4_results,[],0,['https://docs.google.com/forms/d/e/1FAIpQLSelooPrWK6XNUXV7D0-r-u3mNFBpiSkK3wfERSmeBiE99PhfQ/viewform?vc=0&c=0&w=1&flr=0&pli=1'],1,2024-08-30 11:14:14,Empty
2,ุชุฌููุน ูุธุงุฆู ุงููุฏููุฉ,https://t.me/jobsmadina,jobsmadina,2024-08-30T12:24:27+00:00,-,-,-,-,2024-11-01 14:47:25,ูุนูู ูุทุนู ููุฑุซ ุงูุณุช ุนู ุชููุฑ ูุฑุตุฉ ูุธูููุฉ ุดุงุบุฑุฉุ ูุฐูู ูููุงู ููุชูุงุตูู ุงูุขุชูุฉ:ุงููุณูู ุงููุธููู:-ูุงุดูุฑ ููุญุถุฑ ุทุนุงู. ุงูุดุฑูุท:-ุณุนูุฏู ุงูุฌูุณูุฉ ุฃู ูู ุงุจู ููุงุทูุฉ ุฃู ูููู.-ุชุญูู ุถุบุท ุงูุนูู.-ุงููุจุงูุฉ ูุญุณู ุงููุธูุฑ. -ูุฌูุฏ ุดูุงุฏุฉ ุตุญูุฉ ุณุงุฑูุฉ.-ุงูุชูุฑุบ ููุนูู.ููุชูุฏูู ุชุฑุณู ุงูุณูุฑุฉ ุงูุฐุงุชูุฉ ุนูู ุงูุฅููููุ ูุน ุฐูุฑ ุงููุณูู ุงููุธููู:Job@neburgers.comt.me/Jobs_Almadina',2.2K,jobsmadina_ypRmO3Cff4GrYwGi4_results,['Job@neburgers.comt.me'],1,[],0,2024-08-30 12:24:27,Empty
3,ุชุฌููุน ูุธุงุฆู ุงููุฏููุฉ,https://t.me/jobsmadina,jobsmadina,2024-08-30T12:24:16+00:00,-,-,-,-,2024-11-01 14:47:25,ูุนูู ูุฑูุฒ ุฃุทูุงู ุนููุงุก ููุชุฑููู ุนู ุชููุฑ ูุฑุตุฉ ูุธูููุฉ ุดุงุบุฑุฉุ ูุฐูู ูููุงู ููุชูุงุตูู ุงูุขุชูุฉ:ุงููุณูู ุงููุธููู:-ูุณุคููุฉ ุฑุนุงูุฉ ุฃุทูุงู.ุงูุดุฑูุท:-ุณุนูุฏูุฉ ุงูุฌูุณูุฉ.-ูุคูู ุฏุฑุงุณู ุฐุง ุตูุฉ ุจุงูุดุงุบุฑ ุงููุธููู.-ุงููุฏุฑุฉ ุนูู ุงูุชุนุงูู ูุน ุงูุฃุทูุงู.ููุชูุฏูู ุชุฑุณู ุงูุณูุฑุฉ ุงูุฐุงุชูุฉ ุนูู ุงูุงููููุ ูุน ุฐูุฑ ุงููุณูู ุงููุธููู ูู ุงูุนููุงู:Scientistskids@gmail.comt.me/Jobs_Almadina',2.1K,jobsmadina_ypRmO3Cff4GrYwGi4_results,['Scientistskids@gmail.comt.me'],1,[],0,2024-08-30 12:24:16,Empty
4,ุชุฌููุน ูุธุงุฆู ุงููุฏููุฉ,https://t.me/jobsmadina,jobsmadina,2024-08-30T12:24:27+00:00,-,-,-,-,2024-11-01 14:47:25,"ุชุนูู ุดุฑูุฉ ุฃุดูู ููุงุณุชุดุงุฑุงุช ุงูููุฏุณูุฉ ุนู ุชููุฑ ูุฑุต ูุธูููุฉ ุดุงุบุฑุฉุ ูุฐูู ูููุงู ููุชูุงุตูู ุงูุขุชูุฉ:ุงููุณูู ุงููุธููู:-ูููุฏุณ ูุนูุงุฑู.ุงูุดุฑูุท:-ุฏุฑุฌุฉ ุงูุชุฃููู ุจุงูููุฆุฉ ุงูุณุนูุฏูุฉูููููุฏุณูู: ูุญุชุฑู.ุงูุงููููุฉ ูุณุนูุฏู ุงูุฌูุณูุฉ.-ุฎุจุฑุฉ ูู ุงูุชุตุงููู ูุงูุฅุฎุฑุงุฌ ุงููุนูุงุฑู -ุฅุฌุงุฏุฉ ุงูุนูู ุนูู ุงูุจุฑุงูุฌ ุงูููุฏุณูุฉ  .3D .Revit, AutoCAD.-ูุชูุงุฌุฏ ูู ุงููุฏููุฉ ุงููููุฑุฉ.ููุชูุฏูู ุชุฑุณู ุงูุณูุฑุฉ ุงูุฐุงุชูุฉ ุนูู ุงูุฅููููุ ูุน ุฅุฑูุงู ููุงุฐุฌ ููุฃุนูุงู ุงูุณุงุจูุฉ:esshco@gmail.comt.me/Jobs_Almadina'",2.3K,jobsmadina_ypRmO3Cff4GrYwGi4_results,['esshco@gmail.comt.me'],1,[],0,2024-08-30 12:24:27,Empty
5,ุชุฌููุน ูุธุงุฆู ุงููุฏููุฉ,https://t.me/jobsmadina,jobsmadina,2024-09-03T21:23:16+00:00,-,-,-,-,2024-11-01 14:47:25,ุชุนูู ุดุฑูุฉ ุงูุญููู ุงูููุงุฆูู ุนู ุชููุฑ ูุฑุต ูุธูููุฉ ุดุงุบุฑุฉ ูู ุงููุฏููุฉ ุงููููุฑุฉุ ูุฐูู ูููุงู ููุชูุงุตูู ุงูุขุชูุฉ:ุงููุณููุงุช ุงููุธูููุฉ:- ูุญุงุณุจุฉ.- ููุฏูุจุฉ ูุจูุนุงุช.- ุฃุฎุตุงุฆู ุฏุนู ููู.ุงูุดุฑูุท: - ุงูุชูุฑุบ ุงูุชุงู ููุนูู.- ุงูุฌุฏูุฉ ูุงูุงูุถุจุงุท ูู ุงูุนูู.-ุฅุฌุงุฏุฉ ุงููุบุฉ ุงูุงูุฌููุฒูุฉ.ููุชูุฏูู ุชุฑุณู ุงูุณูุฑุฉ ุงูุฐุงุชูุฉ ุนูู ุงูุฅูููู ูุน ุฐูุฑ ุงููุณูู ุงููุธููู ูู ุงูุนููุงู:afnanultimate1@gmail.comt.me/Jobs_Almadina',2.5K,jobsmadina_ypRmO3Cff4GrYwGi4_results,['afnanultimate1@gmail.comt.me'],1,[],0,2024-09-03 21:23:16,Empty
6,ุชุฌููุน ูุธุงุฆู ุงููุฏููุฉ,https://t.me/jobsmadina,jobsmadina,2024-09-03T21:48:17+00:00,-,-,-,-,2024-11-01 14:47:25,ุชุนูู ุดุฑูุฉ ุฑุฏูุฏ ููุฎุฏูุงุช ุงูููุฌุณุชูุฉ ุนู ุชููุฑ ูุฑุต ูุธูููุฉ ุดุงุบุฑุฉุ ูุฐูู ูููุงู ููุชูุงุตูู ุงูุขุชูุฉ:ุงููุณูู ุงููุธููู:-ูุตูู ุฌุฑุงููู ู UI/UX.ุงูููุงู ูุงููุณุคูููุงุช:ุชุตููู ุงูููุงุฏ ุงููุฑุฆูุฉ ูุซู ุงูุดุนุงุฑุงุชุ ุงูุจูุณุชุฑุงุชุ ูุงููุญุชูู ุงูุฑูููุ ุจุงูุฅุถุงูุฉ ุฅูู ูุงุฌูุงุช ุงููุณุชุฎุฏู.ุฅุฌุฑุงุก ุฃุจุญุงุซ ูุณุชุฎุฏููู ูููู ุงุญุชูุงุฌุงุชูู ูุณููููู ูุชุทุจูู ุงููุชุงุฆุฌ ูู ุงูุชุตููู.ุฅูุดุงุก ููุงุฐุฌ ุฃูููุฉ ูุชุตูููุงุช ุชูุงุนููุฉ ูุถูุงู ุชุฌุฑุจุฉ ูุณุชุฎุฏู ุฌูุฏุฉ.ุงูุชุนุงูู ูุน ูุฑู ุงูุชุณููู ูุงููุญุชูู ูููู ูุชุทูุจุงุช ุงููุดุฑูุน.ุฅุฌุฑุงุก ุงุฎุชุจุงุฑุงุช ุงููุณุชุฎุฏู ูุชุญููู ุงููุชุงุฆุฌ ูุชุญุณูู ุงูุชุตูููุงุช.ูุชุงุจุนุฉ ุงูุงุชุฌุงูุงุช ุงูุฌุฏูุฏุฉ ูู ุชุตููู ุงูุฌุฑุงููู ูุชุฌุฑุจุฉ ุงููุณุชุฎุฏู ูุชุทุจูููุง.ุงููุชุทูุจุงุช:ููุถู ุฎุจุฑุฉ ุณุงุจูุฉ ูู ุชุตููู ุงูุฌุฑุงููู ุฃู UI/UX  .ููุงุฑุงุช ูููุฉ ูู ุจุฑุงูุฌ ุงูุชุตููู ุงููุฏุฑุฉ ุนูู ุงูุนูู ุชุญุช ุงูุถุบุท ูุชูุจูุฉ ุงูููุงุนูุฏ ุงูููุงุฆูุฉ.ููุงุฑุงุช ุชูุงุตู ูุชุญููู ุฌูุฏุฉ.ุฑุงุจุท ุงูุชูุฏูู:https://forms.gle/t2FNG1MU1raRB7e49ูููุฅุณุชูุณุงุฑุงุช:Hr@rodud.comt.me/Jobs_Almadina',2.6K,jobsmadina_ypRmO3Cff4GrYwGi4_results,['Hr@rodud.comt.me'],1,"[""https://forms.gle/t2FNG1MU1raRB7e49ูููุฅุณุชูุณุงุฑุงุช:Hr@rodud.comt.me/Jobs_Almadina'""]",1,2024-09-03 21:48:17,Empty
7,ุชุฌููุน ูุธุงุฆู ุงููุฏููุฉ,https://t.me/jobsmadina,jobsmadina,2024-09-05T22:02:48+00:00,-,-,-,-,2024-11-01 14:47:25,ูุนูู ูุฑูุฒ ุฎุท ุงูุทูู ูุถูุงูุฉ ุงูุงุทูุงู ุนู ุชููุฑ ูุธุงุฆู ุดุงุบุฑุฉุ ูุฐูู ูููุงู ููุชูุงุตูู ุงูุขุชูุฉ:ุงููุณูู ุงููุธููู:-ูุนููุฉ ุฑูุงุถ ุฃุทูุงู.-ูุณุงุนุฏุฉ ูุนููุฉ.ุงูุดุฑูุท:-ูุฌูุฏ ุฎุจุฑุฉ ูู ูุฌุงู ูุฑุงูุฒ ุงูุถูุงูุฉ ูุฑูุงุถ ุงูุฃุทูุงู.-ูุชุฑุชูู (ุตุจุงุญูุฉ ููุณุงุฆูุฉ).-ุงูุชูุฏูู ููุชุงุญ ููุณุนูุฏูุงุช ู ูุบูุฑ ุงูุณุนูุฏูุงุช.ุฑุงุจุท ุงูุชูุฏูู:https://docs.google.com/forms/d/e/1FAIpQLSfF-AnlHrQKFa1rXMBLFjdIgHSukqHRQjdh0o9ED5PQut4SOA/viewformt.me/Jobs_Almadina',2.2K,jobsmadina_ypRmO3Cff4GrYwGi4_results,[],0,"[""https://docs.google.com/forms/d/e/1FAIpQLSfF-AnlHrQKFa1rXMBLFjdIgHSukqHRQjdh0o9ED5PQut4SOA/viewformt.me/Jobs_Almadina'""]",1,2024-09-05 22:02:48,Empty
8,ุชุฌููุน ูุธุงุฆู ุงููุฏููุฉ,https://t.me/jobsmadina,jobsmadina,2024-09-04T16:49:24+00:00,-,-,-,-,2024-11-01 14:47:25,โุงูุณูุงู ุนูููู ูุฑุญูุฉ ุงูููโููุณุนูุฏููู ููุทโููุฌูุณููโ ูุทููุจ ูุฏูุฑ/ุฉูุนุฑุถ ูุนูุงูุฉ ุชุฌุงุฑูุฉ ูุจุฑู ูู ุงููุฏููุฉ ุงููููุฑุฉ โ  โุงูุดุฑูุท โ-ูุบุฉ ุงูุฌููุฒูุฉ ููุชุงุฒุฉ โ- ุซุงููู ูุฃุนูู โ- ุฎุจุฑุฉ ุณุงุจูุฉ ู ูุฏูุฑ ูุนุฑุถ ุฃู ูุณุงุนุฏ ูุฏูุฑ ูุนุฑุถ โ- ููุถู ุดุฎุต ุบูุฑ ููุธู ุญุงููุง โุงูุชูุงุตู ุนู ุทุฑูู ุฅุฑุณุงู ุงูุณูุฑุฉ ุงูุฐุงุชูุฉ ุฅูู โฆ thehelperjob@gmail.comโฉ โููุชุงุจุฉ ุงููุณูู ุงููุธููู ู ุงูุญุงูุฉ ุงููุธูููุฉ ุฅุฐุง ููุธู ุญุงููุง ุฃู ูุง ูู ูุต ุงูุฑุณุงูุฉ .โุณูุชู ุงูุชูุงุตู  ูุน ูู ุชูุทุจู ุนูููู ุงูุดุฑูุท ุงููุฐููุฑุฉ ููุทโโง #ุงููุฏููุฉ_ุงููููุฑุฉโฉ,2.6K,jobsmadina_ypRmO3Cff4GrYwGi4_results,['thehelperjob@gmail.com'],1,[],0,2024-09-04 16:49:24,Empty
9,ุชุฌููุน ูุธุงุฆู ุงููุฏููุฉ,https://t.me/jobsmadina,jobsmadina,2024-09-06T09:49:41+00:00,-,-,-,-,2024-11-01 14:47:25,๐ด (ูุฒุงุฑุฉ ุงูุตุญุฉ) ุชุนูู ุจุฑูุงูุฌ (ููู ุฑุนุงูุฉ ูุฑุถู) ุงูููุชูู ุจุงูุชูุธูู ููุนูู ูู ุฌููุน ููุงุทู ุจุงูููููุฉ (ููุฌูุณูู) ููุชูู ุงูุชูุฏูู ูุฑูุจูุง.๐ ุดุงุฑู ุงูุฎุจุฑ ุนุจุฑ (ูุงุชุณุงุจ):ุงุถุบุท ููุงโ๏ธ ููุชูุฏูู (https://ewdifh.com/jobs/79383)โ,2.3K,jobsmadina_ypRmO3Cff4GrYwGi4_results,[],0,['https://ewdifh.com/jobs/79383)โ'],1,2024-09-06 09:49:41,Empty
10,ุชุฌููุน ูุธุงุฆู ุงููุฏููุฉ,https://t.me/jobsmadina,jobsmadina,2024-09-04T21:00:42+00:00,-,-,-,-,2024-11-01 14:47:25,(๐ด) ุดุฑูุฉ ุญูุฏ ุงููููุน ุชุนูู ูุชุญ ุงูุชูุธูู ููุฌูุณูู (ุซุงูููุฉ ูุฃุนูู) ุจุนุฏุฉ ููุงุทู ูู ุงูููููุฉ:โช๏ธ ููุธูู ุงุณุชูุจุงู.โช๏ธ ููุธูู ุฎุฏูุงุช ุนููุงุก.โช๏ธ ูุณุชุดุงุฑู ูุจูุนุงุช.๐ ุดุงุฑู ุงูุฎุจุฑ ุนุจุฑ (ูุงุชุณุงุจ):ุงุถุบุท ููุงโ๏ธ ุชูุงุตูู (https://ewdifh.com/jobs/79705)โ,2.5K,jobsmadina_ypRmO3Cff4GrYwGi4_results,[],0,['https://ewdifh.com/jobs/79705)โ'],1,2024-09-04 21:00:42,Empty
11,ุชุฌููุน ูุธุงุฆู ุงููุฏููุฉ,https://t.me/jobsmadina,jobsmadina,2024-09-06T21:40:09+00:00,https://t.me/coursemadinah/178,ููุงุฉ ุงููุนุงูุฏ ุงูุฎุงุตุฉ ู ุฏูุฑุงุช ุงูู ูุงูู ูุญุถูุฑู ุงููุฏููุฉ ุงููููุฑุฉ / ูุนูุฏ,-,-,2024-11-01 14:47:25,( ููุฑุฌุงู ููุท )โ ุจุฏูู ุชุณุฌูู ุงูุถู ูุจุงุดุฑุฉ ูู ุงูููุช ุงููุชุงุญ ูุฃุจุฏุฃ ุจุชุตุญูุญ ุงูุชูุงูุฉ ุจุฃูุณุฑ ุงูุทุฑู ..https://t.me/quran_mn_telawa( ูููุณุงุก ููุท )โ ุจุฏูู ุชุณุฌูู ุงูุถูู ูุจุงุดุฑุฉ ูู ุงูููุช ุงููุชุงุญ ูุฃุจุฏุฆู ุจุชุตุญูุญ ุงูุชูุงูุฉ ุจุฃูุณุฑ ุงูุทุฑู ..https://t.me/HolyMosqูุณุชุทูุน ุงููุดุงุฑู/ุงููุดุงุฑูุฉ ุงูุฏุฎูู ูู ุฃู ูู ุงูุฑูุงุจุท ุงููุชุงุญุฉ ูุชุตุญูุญ ุณูุฑุฉ ุงููุงุชุญุฉ ู ูุง ุชูุณุฑ ูู ุฃู ุณูุฑุฉ ูู ุงููุฑุขู.ุงูุญููุงุช ูุชุงุญุฉ ููููุง ุจุชูููุช ุงููุฏููุฉ ุงููููุฑุฉ ุนุจุฑ ุฑุงุจุท ุฌูุฌู ูููุช ุฃู ุบูุฑู ุจุงูุชูุณูู.,2.3K,jobsmadina_ypRmO3Cff4GrYwGi4_results,[],0,"['https://t.me/quran_mn_telawa(', 'https://t.me/HolyMosqูุณุชุทูุน']",2,2024-09-06 21:40:09,Empty
12,ุชุฌููุน ูุธุงุฆู ุงููุฏููุฉ,https://t.me/jobsmadina,jobsmadina,2024-09-06T16:21:26+00:00,-,-,"Telegram
  
  ููุงุฉ ุงููุนุงูุฏ ุงูุฎุงุตุฉ ู ุฏูุฑุงุช ุงูู ูุงูู ูุญุถูุฑู ุงููุฏููุฉ ุงููููุฑุฉ / ูุนูุฏ
  ๐บุฅุนูุงู๐ขย๐ุงูููุงุนุฏ ูุญุฏูุฏุฉ๐-ุจุดูุงุฏุฉยูุนุชูุฏุฉโจยูุณุฑยุฅุฏุงุฑุฉยุงูุชุฏุฑูุจยูุงูุชุซูููยุงููุฌุชูุนูยุจูุฑุนยููุฆุฉยุงูููุงูยุงูุฃุญูุฑยุจููุทูุฉยุงููุฏููุฉยุงููููุฑุฉย-โโโุฃูยุชุนููยูููยุนูยููุงุนูุฏยุฏูุฑุงุชยุจุฑูุงูุฌยุณููุฑยุงูุญูุงุฉยููุฅุณุนุงูุงุชยุงูุงูููุฉย-ยูุดูุฑยุณุจุชูุจุฑ (ย9 ) 2024ูยโโ*ุงูุฏูุฑุงุชยุงูุญุถูุฑูุฉ:ุงููุชุฑุฉโฆ",-,2024-11-01 14:47:25,๐ด ุฏูุฑุงุช ุงูุงุณุนุงูุงุช ุงูุงูููุฉ https://t.me/coursemadinah/176,2.5K,jobsmadina_ypRmO3Cff4GrYwGi4_results,[],0,['https://t.me/coursemadinah/176'],1,2024-09-06 16:21:26,Empty
13,ุชุฌููุน ูุธุงุฆู ุงููุฏููุฉ,https://t.me/jobsmadina,jobsmadina,2024-09-06T10:49:36+00:00,-,-,"Jotform
  
  ุทูุจ ุชูุธูู ูุฏู ุงููุงุฌุฏ ููุนูุฏ
  Please click the link to complete this form.",-,2024-11-01 14:47:25,๐ด ูููุฐุฌ ุงูุชูุธูู ุงูููุญุฏ ูู ุงููุงุฌุฏ ููุนูุฏ https://form.jotform.com/222892222784461,2.5K,jobsmadina_ypRmO3Cff4GrYwGi4_results,[],0,['https://form.jotform.com/222892222784461'],1,2024-09-06 10:49:36,Empty
14,ุชุฌููุน ูุธุงุฆู ุงููุฏููุฉ,https://t.me/jobsmadina,jobsmadina,2024-09-05T22:02:48+00:00,-,-,-,-,2024-11-01 14:47:25,ุชุนูู ุฌูุนูุฉ ุตุญุฉ ุงูุฌูุงุฒ ุงููุถูู - ูุงุถู - ุนู ุชููุฑ ูุฑุต ูุธูููุฉ ุดุงุบุฑุฉ ูู ุงููุฏููุฉ ุงููููุฑุฉุ ูุฐูู ูููุงู ููุชูุงุตูู ุงูุขุชูุฉ:ุงููุณููุงุช ุงููุธูููุฉ:-ูุญุงุณุจ.-ุณูุฑุชูุฑ ุชูููุฐู.-ูุฏูุฑ ุชูููุฉ ููุงุฑุฏ ูุงููุฉ.-ูุณุคูู ุดุคูู ุงููุฑุถู.-ูุฏูุฑ ุงูููุงุฑุฏ ุงูุจุดุฑูุฉ.ุงูุดุฑูุท:-ุญุงุตู ุนูู ุดูุงุฏุฉ ุจูุงููุฑููุณ ูู ุชุฎุตุต ูุชูุงุณุจ ูุน ุงููุธููุฉ ุงููุชูุฏู ููุง.-ุณุนูุฏู ุงูุฌูุณูุฉ.-ุงุฌุชูุงุฒ ุงูููุงุจูุฉ ุงูุดุฎุตูุฉ.-ุงูุชูุฑุบ ุงูุชุงู ููุนูู ูู ุงูุฌูุนูุฉ.-ุฎุจุฑุฉ ููุงุณุจุฉ ูู ุงููุฌุงู ุงูุฅุฏุงุฑู.-ููุชูู ุงูุชูุฏูู ููู ุงูุฎููุณ ูกูคูคูฆ/ููฃ/ููฉูู.ุฑุงุจุท ุงูุชูุฏูู:https://forms.gle/ygxbLquRJpWkM9Uu5t.me/Jobs_Almadina',2.3K,jobsmadina_ypRmO3Cff4GrYwGi4_results,[],0,"[""https://forms.gle/ygxbLquRJpWkM9Uu5t.me/Jobs_Almadina'""]",1,2024-09-05 22:02:48,Empty
15,ุชุฌููุน ูุธุงุฆู ุงููุฏููุฉ,https://t.me/jobsmadina,jobsmadina,2024-09-07T05:26:43+00:00,-,-,-,-,2024-11-01 14:47:25,ุดุฑูุฉ ุชุณูููโโ #ุงูุฑูุงุถโฉ โโ #ุงูุฏูุงูโฉ โโ #ุงูุฃุญุณุงุกโฉ โโ #ุงูุฎุจุฑโฉ โโ #ุงููุตููโฉ โโ #ุฌุฏุฉโฉ โโ #ููุฉโฉ โโ #ุงููุฏููุฉโฉ  โ-ููุธูู/ูุฉ ูุจูุนุงุช (ุชุณููู ููุฏุงูู) . โ* ุงูุชูุธูู ููุฑู . โ* ุงูุฑูุงุชุจ 5500 ุฑูุงูุงู . โ* โุนูููุงุช ููุบุฑูุฉ โุงูุดุฑูุท :โ* ุณุนูุฏูู/ูุฉ ุงู ุบูุฑ ุณุนูุฏูู/ูุฉ .โ* ูููู ูุฏูู ูุณููุฉ ููู ุฎุงุตุฉ ุจู ( ุณูุงุฑุฉ ) .โููุชูุฏูู : โุงูุฑุฌุงุก ุฅุฑุณุงู ุงูุณูุฑุฉ ุงูุฐุงุชูุฉ ุจุตูุบุฉ PDF  ููุชุงุจุฉ ุงููุฏููุฉ . โ โุงูุฅูููู : โโ Oceanbtelecom@gmail.comโฉ,2.3K,jobsmadina_ypRmO3Cff4GrYwGi4_results,['Oceanbtelecom@gmail.com'],1,[],0,2024-09-07 05:26:43,Empty
16,ุชุฌููุน ูุธุงุฆู ุงููุฏููุฉ,https://t.me/jobsmadina,jobsmadina,2024-09-07T05:28:42+00:00,-,-,-,-,2024-11-01 14:47:25,๐ข  ูุฃูู ูุฑุฉ (ูุฏู ุฅุญุฏู ุดุฑูุงุช ุงูุบุงุฒ - ุบุงุฒูู) ุจุฑูุงูุฌ ุญููู ุงููุณุชูุจู (ููุฌูุณูู) ูุน ุนุฏุฉ ูุฒุงูุง ูููุง (ููุงูุฃุฉ ุดูุฑูุฉ + ุชุฃููู ุทุจู) ูู ุงูุชุฎุตุตุงุช:โช๏ธุงูุชุฎุตุตุงุช ุงูุฅุฏุงุฑูุฉโช๏ธุงูุชุฎุตุตุงุช ุงูุชูููุฉโช๏ธุงูุชุฎุตุตุงุช ุงูููุฏุณูุฉุงูุชูุงุตูู: https://itawteen.com/14472/,2.6K,jobsmadina_ypRmO3Cff4GrYwGi4_results,[],0,['https://itawteen.com/14472/'],1,2024-09-07 05:28:42,Empty
17,ุชุฌููุน ูุธุงุฆู ุงููุฏููุฉ,https://t.me/jobsmadina,jobsmadina,2024-09-07T05:25:16+00:00,-,-,"Google Docs
  
  Telesales vacancies in Riyadh
  ุนุฒูุฒู ุงููุชูุฏู/ุฉ ูููุฏูู ุจุฃู ุงูููุงุจูุฉ ุงูุดุฎุตูุฉ ุณุชููู ุจุงููุบุฉ ุงูุงูุฌููุฒูุฉ",-,2024-11-01 14:47:25,ุงููุณูู ุงููุธููู: ููุซู ูุจูุนุงุช ูุงุชููุฉ ุณุงุนุงุช ุงูุนูู: 8 ุณุงุนุงุช ูุธุงู ุงูุนูู ุดูุชุงุช ูุชุบูุฑู ูู ุงุณุจูุนูู ุงูุดูุช ุงูุตุจุงุญู: ูู 8 ุต ุงูู 5 ูุงูุดูุช ุงููุณุงุฆู: ูู 1 ู ุงูู 9 ู ุงูุงู ุงูุงูู : ููููู ูุชุบูุฑู ุบูุฑ ุซุงุจุช ุงูุฑุงุชุจ: 5000 + ุนูููุงุช ูุฌุฒูู  ุงูุงุณุชุจูุงู ุงูููุดhttps://docs.google.com/forms/d/e/1FAIpQLSdofomCXhQTEQ_0R-Ogb1E1owoEPJMmJc4Lo2VBpOMu9GrR2Q/viewform,2.1K,jobsmadina_ypRmO3Cff4GrYwGi4_results,[],0,['https://docs.google.com/forms/d/e/1FAIpQLSdofomCXhQTEQ_0R-Ogb1E1owoEPJMmJc4Lo2VBpOMu9GrR2Q/viewform'],1,2024-09-07 05:25:16,Empty
18,ุชุฌููุน ูุธุงุฆู ุงููุฏููุฉ,https://t.me/jobsmadina,jobsmadina,2024-09-07T15:58:02+00:00,-,-,-,-,2024-11-01 14:47:25,ูุฏูุฑ ุงูุชุณููู ( ุงููุฏููุฉ ุงููููุฑุฉ ) ูุดุชุฑุท : ุฎุจุฑุฉ ุณูุชูู ูุญุฏ ุฃุฏูููุฏูุฑ ูุดุฑูุน ( ุงููุฏููุฉ ุงููููุฑุฉ ) ูุดุชุฑุท : ุฎุจุฑุฉ ุณูุชูู ูุญุฏ ุฃุฏููhttps://docs.google.com/forms/d/e/1FAIpQLSdMAfWd5YXmvdE3XnfZGa06CVCq4iAIUSDcQctqYWZh5iE3nQ/viewform,2.6K,jobsmadina_ypRmO3Cff4GrYwGi4_results,[],0,['https://docs.google.com/forms/d/e/1FAIpQLSdMAfWd5YXmvdE3XnfZGa06CVCq4iAIUSDcQctqYWZh5iE3nQ/viewform'],1,2024-09-07 15:58:02,Empty
19,ุชุฌููุน ูุธุงุฆู ุงููุฏููุฉ,https://t.me/jobsmadina,jobsmadina,2024-09-07T05:26:43+00:00,-,-,-,-,2024-11-01 14:47:25,ูุทููุจ ุจุงุฆุนูู ุณุงุนุงุช - ูุนุงุฑุถ ูุงุณูู  โูู ุงููุฏู ุงูุชุงููุฉ : ุฌุฏุฉ - ุงูุฏูุงู- ุฎููุณ ูุดูุท- ุงููุฏููุฉ ุงููููุฑุฉ โโขุณุนูุฏู ุงูุฌูุณูุฉโโขุงููุคูู ุซุงูููโโขุงูุฌุฏูุฉ ูุงูุงูุชุฒู ูู ุงูุนูู โููุชูุฏูู ุงุฑุณุงู ุงูุณูุฑุฉ ุงูุฐุงุชูุฉ ููุจุฑูุฏ ุงูุงููุชุฑููู ูุน ุฐูุฑ ุงููุณูู ุงููุธููู ูุงููุฏููุฉ ูู ุนููุงู ุงูุงูููู :โโ hr@abbar-sa.comโฉ,2.3K,jobsmadina_ypRmO3Cff4GrYwGi4_results,['hr@abbar-sa.com'],1,[],0,2024-09-07 05:26:43,Empty
20,ุชุฌููุน ูุธุงุฆู ุงููุฏููุฉ,https://t.me/jobsmadina,jobsmadina,2024-09-05T20:01:22+00:00,-,-,-,-,2024-11-01 14:47:25,(๐ด) ุนุงุฌู | ุดุฑุงูุฉ ุจูู ุฃุฑุงููู ูุนุฏุฉ ุฌูุงุช ุญููููุฉ:โช๏ธ ุถุงุจุท ูููุฏุณ.โช๏ธ ุถุงุจุท ุจุญุฑู.โช๏ธ ูููุงูููู.โช๏ธ ุจุญุงุฑ.ุงูุฃูุงุฏูููุฉ ุงููุทููุฉ ุงูุจุญุฑูุฉ ุชุนูู ุจุฏุก ุงูุชูุฏูู ูู ุจุฑูุงูุฌ ุงูุชุฏุฑูุจ ุงูููุชูู ุจุงูุชูุธูู๐ ุดุงุฑู ุงูุฎุจุฑ ุนุจุฑ (ูุงุชุณุงุจ):ุงุถุบุท ููุงโ๏ธ ุชูุงุตูู (https://ewdifh.com/jobs/79720)โ,2.2K,jobsmadina_ypRmO3Cff4GrYwGi4_results,[],0,['https://ewdifh.com/jobs/79720)โ'],1,2024-09-05 20:01:22,Empty
21,ุชุฌููุน ูุธุงุฆู ุงููุฏููุฉ,https://t.me/jobsmadina,jobsmadina,2024-09-08T20:00:11+00:00,-,-,-,-,2024-11-01 14:47:25,ุชุนูู ุดุฑูุฉ ุงูุฃุจูุงุจ ุงููุชุทูุฑุฉ ุนู ุชููุฑ ูุฑุตุฉ ูุธูููุฉ ุดุงุบุฑุฉุ ูุฐูู ูููุงู ููุชูุงุตูู ุงูุขุชูุฉ:ุงููุณูู ุงููุธููู:-ุฃุฎุตุงุฆู ุนูููุงุช ููุงุฑุฏ ุจุดุฑูุฉ.  โข ููุดุชุฑุท ูุฌูุฏ ุฎุจุฑุฉ ุณุงุจูุฉ ูู ุงููุฌุงู.ุชูุงุตูู ุงูุนูู:ูฆ ุฃูุงู ูู ุงูุฃุณุจูุน ุจูุนุฏู ูจ ุณุงุนุงุช ููููุงู.ููุชูุฏูู ุชุฑุณู ุงูุณูุฑุฉ ุงูุฐุงุชูุฉ ุนูู ุงูุฅูููู:ad.dooorshr@gmail.comt.me/Jobs_Almadina',2.0K,jobsmadina_ypRmO3Cff4GrYwGi4_results,['ad.dooorshr@gmail.comt.me'],1,[],0,2024-09-08 20:00:11,Empty
22,ุชุฌููุน ูุธุงุฆู ุงููุฏููุฉ,https://t.me/jobsmadina,jobsmadina,2024-09-08T20:00:11+00:00,-,-,-,-,2024-11-01 14:47:25,ุชุนูู ุฅุฏุงุฑุฉ ุดุฑูุฉ ูุชุงุฌุฑ ุงููุฏููุฉ ูู ุงููุฏููุฉ ุงููููุฑุฉ ุนู ุชููุฑ ูุฑุต ูุธูููุฉ ุดุงุบุฑุฉุ ูุฐูู ูููุงู ููุชูุงุตูู ุงูุขุชูุฉ:ุงููุณููุงุช ุงููุธูููุฉ:-ูุฏูุฑ ุชุดุบูู.-ูุฏูุฑ ููุฌุณุชูู.-ูุฏูุฑ ูุณุชูุฏุน.-ูุฏูุฑ ุชููู.ุงูุดุฑูุท:- ุฎุจุฑุฉ ูู ุงูุนูููุงุช ุงูุชุดุบูููุฉ ูุง ุชูู ุนู ุฎูุณ ุณููุงุช ูู ุฃู ูุฌุงู ุฐู ุตูุฉ. - ููุถู ุฃู ูููู ูููุชูุฏู ุฎุจุฑุฉ ุณุงุจูู ูู ุดุฑูุงุช (ุงุณุชุงุฑุช ุงุจ).-ุงูุฃูุถููุฉ ููู ูุฏูู ุฎุจุฑุฉ ุณุงุจูุฉ ูู ุดุฑูุงุช ูุจุฑู.ููุชูุฏูู ุชุฑุณู ุงูุณูุฑุฉ ุงูุฐุงุชูุฉ ุนูู ุงูุฅูููู:Al-Tarji@outlook.comt.me/Jobs_Almadina',2.0K,jobsmadina_ypRmO3Cff4GrYwGi4_results,['Al-Tarji@outlook.comt.me'],1,[],0,2024-09-08 20:00:11,Empty
23,ุชุฌููุน ูุธุงุฆู ุงููุฏููุฉ,https://t.me/jobsmadina,jobsmadina,2024-09-08T20:00:11+00:00,-,-,-,-,2024-11-01 14:47:25,ุชุนูู ูุคุณุณุฉ ุฃุฑุถ ุงูุฐูุฑูุงุช ุนู ุชููุฑ ูุฑุตุฉ ูุธูููุฉ ุดุงุบุฑุฉุ ูุฐูู ูููุงู ููุชูุงุตูู ุงูุขุชูุฉ:ุงููุณูู ุงููุธููู:- ุงุฏุงุฑุฉ ุญุณุงุจุงุช ุณูุดูุงู ููุฏูุง ูุจุฏุน/ูุจุฏุนู.ุงูุดุฑูุท:- ุฎุจุฑู ูู ุชุตููู ุงูุฌุฑุงููู.- ุฎุจุฑู ูู ุงูููุดู ุฌุฑุงููู.ููุชูุฏูู ุชุฑุณู ุงูุณูุฑุฉ ุงูุฐุงุชูุฉ ูููุงุฐุฌ ุงูุฃุนูุงู ุนูู ุงูุฅููููุ ูุน ุฐูุฑ ุงููุณูู ุงููุธููู ูู ุงูุนููุงู:Myjob.1@hotmail.com t.me/Jobs_Almadina',2.1K,jobsmadina_ypRmO3Cff4GrYwGi4_results,['Myjob.1@hotmail.com'],1,[],0,2024-09-08 20:00:11,Empty
24,ุชุฌููุน ูุธุงุฆู ุงููุฏููุฉ,https://t.me/jobsmadina,jobsmadina,2024-09-08T20:00:25+00:00,-,-,-,-,2024-11-01 14:47:25,ูุนูู ROW ูุงููู ุนู ุชููุฑ ูุฑุตุฉ ูุธูููุฉ ุดุงุบุฑุฉุ ูุฐูู ูููุงู ููุชูุงุตูู ุงูุขุชูุฉ:ุงููุณูู ุงููุธููู:-ูุงุดูุฑ. ุงูุดุฑูุท:-ุณุนูุฏู/ุฉ ุงูุฌูุณูุฉ ุฃู ูู ููุงููุฏ ุงูููููุฉ.-ูุฌูุฏ ุฎุจุฑุฉ ูู ูุฌุงู ุณุชุฉ ุฃุดูุฑ ูุญุฏ ุฃุฏูู ูู ูุฌุงู ุงููุทุงุนู ููุธุงู ุงูููุฏูุณ.-ุชุญูู ุถุบุท ุงูุนูู.-ุงููุจุงูุฉ ูุญุณู ุงููุธูุฑ. -ูุฌูุฏ ุดูุงุฏุฉ ุตุญูุฉ ุณุงุฑูุฉ.-ุงูุชูุฑุบ ููุนูู.-ุฃู ูููู ุงูุนูุฑ ูขูข - ูขูฅ ุณูุฉ. ููุชูุฏูู ุชุฑุณู ุงูุณูุฑุฉ ุงูุฐุงุชูุฉ ุนูู ุงูุฅููููุ ูุน ุฐูุฑ ุงููุณูู ุงููุธููู ูู ุงูุนููุงู:Shahad@mshrab.sat.me/Jobs_Almadina',2.2K,jobsmadina_ypRmO3Cff4GrYwGi4_results,['Shahad@mshrab.sat.me'],1,[],0,2024-09-08 20:00:25,Empty
25,ุชุฌููุน ูุธุงุฆู ุงููุฏููุฉ,https://t.me/jobsmadina,jobsmadina,2024-09-09T07:41:59+00:00,-,-,-,-,2024-11-01 14:47:25,ูุนูู ูุนูุฏ ุฏูู ุงูุนููู ุงูุนุงูู ููุชุฏุฑูุจ ุนู ุชููุฑ ูุฑุต ูุธูููุฉ ุดุงุบุฑุฉุ ูุฐูู ูููุงู ููุชูุงุตูู ุงูุขุชูุฉ:ุงููุณูู ุงููุธููู:-ูุฏุฑุจุฉ ูุบุฉ ุงูุฌููุฒูุฉ.ุงูุดุฑูุท: -ุจูุงููุฑููุณ ุฃู ูุงุฌุณุชูุฑ ูู ููุณ ุงููุฌุงู.-ุงูุชููู ุงูุชุงู ูู ุงูุชุฎุตุต.-ุงููุจุงูู ูุญุณู ุงูุชุนุงูู.-ุงูุชูุฑุบ ุงูุชุงู ููุนูู (ุนููุงู ุจุฃู ุงูุฏูุงู ูจ ุณุงุนุงุช ูุชุฑุชูู ููููุงู).ููุชูุฏูู ุชุฑุณู ุงูุณูุฑุฉ ุงูุฐุงุชูุฉ ุนูู ุงูุฅูููู: โdeemaluloom_job@hotmail.comู ููุฅุณุชูุณุงุฑ: 0554401514t.me/Jobs_Almadina',2.2K,jobsmadina_ypRmO3Cff4GrYwGi4_results,['deemaluloom_job@hotmail.com'],1,[],0,2024-09-09 07:41:59,Empty
26,ุชุฌููุน ูุธุงุฆู ุงููุฏููุฉ,https://t.me/jobsmadina,jobsmadina,2024-09-09T07:44:45+00:00,-,-,-,-,2024-11-01 14:47:25,ูุนูู ููุงู ูุงููุฉ ุนู ุชููุฑ ูุฑุต ูุธูููุฉ ุดุงุบุฑุฉ ูู ุงููุฏููุฉ ุงููููุฑุฉุ ูุฐูู ูููุงู ููุชูุงุตูู ุงูุขุชูุฉ:ุงููุฌุงู ุงููุธููู:-ุจุงุฆูุน. ุงูุชูุธูู ููุฑู ููู ูุฌุชุงุฒ ุงูููุงุจูุฉ ูุงูุงููููุฉ ูุฐูู ุงูุฎุจุฑุฉ.ุฑุงุจุท ุงูุชูุฏูู:(ูุฌุจ ุงุฑูุงู ุงูุดูุงุฏุฉ ุงูุตุญูุฉ ุงู ูุฌุฏุช ูุดูุงุฏุงุช ุงูุฎุจุฑุฉ)https://forms.gle/EhwmD2KvxYMQTBeGAt.me/Jobs_Almadina',2.1K,jobsmadina_ypRmO3Cff4GrYwGi4_results,[],0,"[""https://forms.gle/EhwmD2KvxYMQTBeGAt.me/Jobs_Almadina'""]",1,2024-09-09 07:44:45,Empty
27,ุชุฌููุน ูุธุงุฆู ุงููุฏููุฉ,https://t.me/jobsmadina,jobsmadina,2024-09-08T20:03:30+00:00,-,-,-,-,2024-11-01 14:47:25,(๐ด) ูู ุชุฑุบุจ ูู ุงูุนูู ูู ุฅุญุฏู ูุทุงุฑุงุช ุงูููููุฉ ูุญููุฉ ุงูุดูุงุฏุฉ ุงูุซุงูููุฉ ุฃู ุงูุฏุจููู ุฃู ุงูุจูุงููุฑููุณ (ูุง ุชุดุชุฑุท ุงูุฎุจุฑุฉ):โ๏ธ ููุชูุฏูู (https://ewdifh.com/jobs/79681)โ,2.3K,jobsmadina_ypRmO3Cff4GrYwGi4_results,[],0,['https://ewdifh.com/jobs/79681)โ'],1,2024-09-08 20:03:30,Empty
28,ุชุฌููุน ูุธุงุฆู ุงููุฏููุฉ,https://t.me/jobsmadina,jobsmadina,2024-09-09T09:04:17+00:00,-,-,-,-,2024-11-01 14:47:25,ุดุฑูุฉ ุงุณุชุซูุงุฑุงุช ูู ๐ ุงููุฏููุฉ ุงููููุฑุฉุชุจุญุซ ุนู ูุณูู ุนูุงุฑูยย โช๏ธ ุงูุดุฑูุทููุฑุฌุงู ููุทูุคูู ุฌุงูุนู ุฎุจุฑุฉ ุณูุชูู ูุฃูุซุฑ.ูุนุฑูุฉ ุฌูุฏุฉ ุจุจุฑุงูุฌ ุงูุญุงุณุจ ุงูุขูู.๐ย ุงุฑุณุงู ุงูุณูุฑู ุงูุฐุงุชูู ูุน ูุชุงุจุฉ ุงููุณูู ุงููุธูููโ info1@riyadat.sa,2.1K,jobsmadina_ypRmO3Cff4GrYwGi4_results,['info1@riyadat.sa'],1,[],0,2024-09-09 09:04:17,Empty
29,ุชุฌููุน ูุธุงุฆู ุงููุฏููุฉ,https://t.me/jobsmadina,jobsmadina,2024-09-09T09:01:23+00:00,-,-,-,-,2024-11-01 14:47:25,๐ด | ุฑุฌุงู ููุณุงุก ุชูุธูู ููุฑู ูู (14 ูุฏููุฉ) ูุญููุฉ (ุงูุซุงูููุฉ - ุจุฏูู ุฎุจุฑุฉ) ูุฏู ุชูู ููุฑุชูุฒ:โ๐ ุดุฑูุฉ ุชูู ููุฑุชูุฒ ุชุนูู ูุชุญ ุจุงุจ ุงูุชูุธูู (ุฑุฌุงู / ูุณุงุก) ูุญููุฉ (ุงูุซุงูููุฉ ูุฃุนูู) ุจุฏูู ุฎุจุฑุฉ๐ ุงูุดุฑ ุงูุฎุจุฑ ุนุจุฑ (whatsapp): ุงุถุบุท ููุง โฉ๏ธ ููุชูุฏูู (https://wdeftksa.com/sa/jobs/17006) .,2.1K,jobsmadina_ypRmO3Cff4GrYwGi4_results,[],0,['https://wdeftksa.com/sa/jobs/17006)'],1,2024-09-09 09:01:23,Empty
30,ุชุฌููุน ูุธุงุฆู ุงููุฏููุฉ,https://t.me/jobsmadina,jobsmadina,2024-09-09T09:06:34+00:00,-,-,-,-,2024-11-01 14:47:25,"ุชุนูู ุนููุง ุฌูุนูุฉ ูุงุถู ูุตุญุฉ ุงูุฌูุงุฒ ุงููุถูู ูุญููุฉ ุงูุจูุงููุฑููุณ ูู ุงููุฏููุฉ ุงููููุฑุฉ , ู ุฐูู ุญุณุจ ุงูุชูุงุตูู ุงูููุถุญุฉ ูู ุงูุฃุณููุงููุฑุต ุงููุธูููุฉ ุงูุดุงุบุฑุฉ :--ูุญุงุณุจ.-ุณูุฑุชูุฑ ุชูููุฐู.-ูุฏูุฑ ุชูููุฉ ููุงุฑุฏ ูุงููุฉ.-ูุณุคูู ุดุคูู ุงููุฑุถู.-ูุฏูุฑ ุงูููุงุฑุฏ ุงูุจุดุฑูุฉ.ุงูุดุฑูุท ุงููุทููุจุฉ ููุชูุฏูู :--ุญุงุตู ุนูู ุดูุงุฏุฉ ุจูุงููุฑููุณ ูู ุชุฎุตุต ูุชูุงุณุจ ูุน ุงููุธููุฉ ุงููุชูุฏู ููุง.-ุณุนูุฏู ุงูุฌูุณูุฉ.-ุงุฌุชูุงุฒ ุงูููุงุจูุฉ ุงูุดุฎุตูุฉ.-ุงูุชูุฑุบ ุงูุชุงู ููุนูู ูู ุงูุฌูุนูุฉ.-ุฎุจุฑุฉ ููุงุณุจุฉ ูู ุงููุฌุงู ุงูุฅุฏุงุฑู.ููุนุฏ ุงูุชูุฏูู :-ููุชูู ุงูุชูุฏูู ููู ุงูุฎููุณ ูกูคูคูฆ/ููฃ/ููฉููhttps://docs.google.com/forms/d/e/1FAIpQLScikoUHoeMkeWIU9kGf0QjlloMdqDCuq--OAQSLUwsFCD7liQ/viewform?usp=send_form",2.2K,jobsmadina_ypRmO3Cff4GrYwGi4_results,[],0,['https://docs.google.com/forms/d/e/1FAIpQLScikoUHoeMkeWIU9kGf0QjlloMdqDCuq--OAQSLUwsFCD7liQ/viewform?usp=send_form'],1,2024-09-09 09:06:34,Empty
31,ุชุฌููุน ูุธุงุฆู ุงููุฏููุฉ,https://t.me/jobsmadina,jobsmadina,2024-09-01T03:08:09+00:00,-,-,-,-,2024-11-01 14:47:25,(๐ด) ุจุฏุฃ ุงูุชูุฏูู ุงูุขู ุนูู ุงููุธููุฉ ุงูุญููููุฉ ุนุจุฑ (ุฌุฏุงุฑุงุช) ูุฏู ุฃูุงูุฉ ููุทูุฉ ุชุจูู (ุจูุฏูุฉ ูุญุงูุธุฉ ุถุจุงุก) ุจุงููุฑุชุจุฉ (ุงูุณุงุฏุณุฉ).๐ ุดุงุฑู ุงูุฎุจุฑ ุนุจุฑ (ูุงุชุณุงุจ):ุงุถุบุท ููุงโ๏ธ ููุชูุฏูู (https://ewdifh.com/jobs/79612)โ,2.5K,jobsmadina_ypRmO3Cff4GrYwGi4_results,[],0,['https://ewdifh.com/jobs/79612)โ'],1,2024-09-01 03:08:09,Empty
32,ุชุฌููุน ูุธุงุฆู ุงููุฏููุฉ,https://t.me/jobsmadina,jobsmadina,2024-08-31T18:32:44+00:00,-,-,"CCC by Stc
  
  Customer Experience Representative - RRC Mobility 300001148209550 | CCC by Stc",-,2024-11-01 14:47:25,ุฃู ูููู ุงููุชูุฏู ุณุนูุฏู ุงูุฌูุณูุฉ (ุฑุฌุงู ุฃู ูุณุงุก).- ุญุงุตู ุนูู ุดูุงุฏุฉ ุงูุซุงูููุฉ ุงูุนุงูุฉ ูุญุฏ ุฃุฏูู (ุงูุซุงูููุฉุ ุงูุฏุจูููุ ุงูุจูุงููุฑููุณ).- ููุงุฑุงุช ุชูุงุตู ุนุงููุฉ ูุน ุณูุงูุฉ ุงููุทู ูุงูููุงู.- ุงูุนูู ููุฑุฌุงู ุจูุธุงู ุงููุฑุฏูุงุช 8 ุณุงุนุงุช ููููุงู ุจููุงูุจุงุช ูุชุบูุฑุฉ (24 ุณุงุนุฉ).- ุงูุนูู ูููุณุงุก ุบูุฑ ูุฎุชูุท ุจูุธุงู ุงููุฑุฏูุงุช (ูู 7ุต ุฅูู 11ู ูู ุจูุฆุฉ ุนูู ูุณุงุฆูุฉ)- ูุง ูุดุชุฑุท ุงูุฎุจุฑุฉ.https://career.ccc.net.sa/en/jobs/detail/customer-experience-representative-rrc-mobility-32297,2.6K,jobsmadina_ypRmO3Cff4GrYwGi4_results,[],0,['https://career.ccc.net.sa/en/jobs/detail/customer-experience-representative-rrc-mobility-32297'],1,2024-08-31 18:32:44,Empty
33,ุชุฌููุน ูุธุงุฆู ุงููุฏููุฉ,https://t.me/jobsmadina,jobsmadina,2024-09-02T10:00:39+00:00,https://t.me/madinahalazzizah/375,ููุงุฉ ุชุฌูุน ุงูุงูู ( ุงูุนุฒูุฒูู - ุงูุฏุนูุซู - ุงุจู ูุฑุฎุฉ ),"Google Docs
  
  ุงูุนูุฑุฉ ุงูุฏุนููุฉ Daโwah Umrah
  ุงุญุฏู ุจุฑุงูุฌ ุฌูุนูุฉ ุงูุฏุนูุฉ ูุงูุงุฑุดุงุฏ ูุชูุนูุฉ ุงูุฌุงููุงุช One of the programs of the Association for Call, Guidance and Communities Awareness",-,2024-11-01 14:47:25,๐ ุฑุญูุงุช ุงูุนูุฑุฉ ุงูุฃุณุจูุนูุฉ ุงููุฌุงููุฉ ุงูุชุงุจุนุฉ ูุฌูุนูุฉ ุงูุฏุนูุฉ ูุงูุฅุฑุดุงุฏ ูุชูุนูุฉ ุงูุฌุงููุงุช ุจุงููุฏููุฉ ุงููููุฑุฉ โฐุฑุงุจุท ุงูุชุณุฌูู๐https://forms.gle/GnMgyBmJMgjrMTKK8ููุชุญ ุงูุฑุงุจุท ููู ุงูุซูุงุซุงุก ูู ุชูุงู ุงูุณุงุนุฉ 9:00ุตุจุงุญุงุงูุชุณุฌูู ูููุจุงุฑ ููุท ููููุน ุญุฌุฒ ููุนุฏ ููู ูู ุฏูู 12ุณูุฉ ููู ุญุฌุฒ ูุนุชุจุฑ ุญุฌุฒู ูุงุบูููููููููููููููููููููููููููููููููููููููููููููููููููููููููููููุนุฏ ุงููุบุงุฏุฑุฉ: ุงูุฎููุณ ุจุนุฏ ุตูุงุฉ ุงูุนุตุฑ ูุจุงุดุฑุฉู                                     ูู ุฌูุงุฑ ูุณุฌุฏ ุงูุดูุฏุงุก ูููุน ุงููุบุงุฏุฑุฉ๐https://maps.app.goo.gl/fGRjcXyP7nadQH3o7ููููููููููููููููููููููููููููููููููููููููููููููููููููุงู ุงููุตูู: ูุณุฌุฏ ุงูุชูุนูู ููููููููููููููููููููููููููููููููููููููููููููููููููููุนุฏ ุงูุนูุฏุฉ : ุงูุฌูุนุฉ ุงูุณุงุนุฉ ุงูุณุงุจุนุฉ ุตุจุงุญุงู ูู ุฌูุงุฑ ูุณุฌุฏ ุงูุชูุนููููููููููููููููููููููููููููููููููููููููููููููููููููุดุฑูุท ุงูุชุณุฌูู:ุงูุดุฑุท ุงูุฃูู: ูุง ูุณุฌู ูู ุฑุงุจุท ุงูุฑุญูุฉ ุฅูุง ูู ูุชููู ูู ููุณู ุงูุฐูุงุจ ูุงูุฐู ูุชุฎูู ูุณุชุจุนุฏ ูู ุงูุชุณุฌูู ููุฏุฉ ุซูุงุซุฉ ุฃุดูุฑุงูุดุฑุท ุงูุซุงูู: ูููุจุณ ุงูุฅุญุฑุงู ูู ุงูุจููุช ููุชู ุงููุฑูุฑ ุจุงููููุงุช ูุญุงุฐุงุฉู ููุชูุจูุฉููุคูุฏ ุนูู ุฃููุฑ:ุฃููุงู: ุฑุญูุงุช ุงูุนูุฑุฉ ูู ุฑุญูุงุช ูุฌุงููุฉ ููููุน ููุนุงู ุจุงุชุงู ุฅุนุทุงุก ุฃู ูุจูุบ ูุฃู ุดุฎุต ูุงุฆูุงู ูู ูุงู.ุซุงููุงู: ูุฐู ุงูุฑุญูุงุช ุนุงูุฉ ูุฌููุน ุงูููุงุทููู ูุงููููููู ุจุงููุฏููุฉ ุงููููุฑุฉ .ูุนุชุฐุฑ ุนู ุงุณุชูุจุงู ูู ูู ูุธูุฑ ุงุณูู ูู ุงูุฑุญูุฉ              ูุตูู ุงููู ูุณูู ุนูู ูุจููุง ูุญูุฏ ูุขูู ูุตุญุจู..,2.2K,jobsmadina_ypRmO3Cff4GrYwGi4_results,[],0,"['https://forms.gle/GnMgyBmJMgjrMTKK8ููุชุญ', 'https://maps.app.goo.gl/fGRjcXyP7nadQH3o7ููููููููููููููููููููููููููููููููููููููููููููููููููููุงู']",2,2024-09-02 10:00:39,Empty
34,ุชุฌููุน ูุธุงุฆู ุงููุฏููุฉ,https://t.me/jobsmadina,jobsmadina,2024-09-01T08:49:03+00:00,-,-,-,-,2024-11-01 14:47:25,(โญ๏ธ) ูุธุงุฆู ูู (#ุทูุฑุงู_ุงูุฅูุงุฑุงุช โ๏ธ) ุซุงูููุฉ ูุฃุนูู:โช๏ธ ุงููุคูู (ุงูุซุงูููุฉุ ุงูุฏุจูููุ ุงูุจูุงููุฑููุณ).โช๏ธ ุฃูุงูู ุงูุนูู (ุงูุฑูุงุถุ ุงููุฏููุฉ ุงููููุฑุฉุ ุฌุฏุฉ).โช๏ธ ุงูุฌูุฉ (ุดุฑูุฉ ุทูุฑุงู ุงูุฅูุงุฑุงุช).๐ ุดุงุฑู ุงูุฎุจุฑ ุนุจุฑ (ูุงุชุณุงุจ):ุงุถุบุท ููุงโ๏ธ ุชูุงุตูู (https://ewdifh.com/jobs/79659)โ,2.5K,jobsmadina_ypRmO3Cff4GrYwGi4_results,[],0,['https://ewdifh.com/jobs/79659)โ'],1,2024-09-01 08:49:03,Empty
35,ุชุฌููุน ูุธุงุฆู ุงููุฏููุฉ,https://t.me/jobsmadina,jobsmadina,2024-09-02T07:30:29+00:00,-,-,-,-,2024-11-01 14:47:25,๐ด (ุชุฏุฑูุจ ููุชูู ุจุงูุชูุธูู) ูู ุงููุฑูุฒ ุงููุทูู ููุธู ุงูููุงุฑุฏ ุงูุญููููุฉ (ููุชูู ูุฑูุจูุง):โญ๏ธ ุชุฏุฑูุจ ููุชูู ุจุงูุชูุธูู.โญ๏ธ ุฏูุฑุงุช ุชุฏุฑูุจูุฉ.โญ๏ธ ููุงูุฃุฉ ุดูุฑูุฉ.โญ๏ธ ุงูุชุฏุฑูุจ ุนูู ุฑุฃุณ ุงูุนูู.โญ๏ธ ุชุฃููู ุทุจู.โญ๏ธ ุฅุฌุงุฒุฉ ุณูููุฉ ูุฏููุนุฉ ุงูุฃุฌุฑ.โญ๏ธ ุงูุชุณุฌูู ูู ุงูุชุฃูููุงุช ุงูุงุฌุชูุงุนูุฉ.๐ ุดุงุฑู ุงูุฎุจุฑ ุนุจุฑ (ูุงุชุณุงุจ):ุงุถุบุท ููุงโ๏ธ ููุชูุฏูู (https://ewdifh.com/jobs/79490)โ,2.5K,jobsmadina_ypRmO3Cff4GrYwGi4_results,[],0,['https://ewdifh.com/jobs/79490)โ'],1,2024-09-02 07:30:29,Empty
36,ุชุฌููุน ูุธุงุฆู ุงููุฏููุฉ,https://t.me/jobsmadina,jobsmadina,2024-09-01T18:16:17+00:00,-,-,-,-,2024-11-01 14:47:25,ุดุงุบุฑ ูุธููู ูู ุดุฑูุฉ ููุงุจุณ ุทุจูุฉ ุงููุฏููุฉ ุงููููุฑุฉ (ููุณุนูุฏููู)ุงููุณูู ุงููุธููู:ููุซู/ุฉ  ูุจูุนุงุชุงููุชุทูุจุงุช:- +1 ุณููุงุช ุฎุจุฑุฉ- ุฎุจุฑุฉ ูู ูุทุงุน ุงููุจูุนุงุช ุงูุฑุงุชุจ:ูุจุฏุฃ ุงูุฑุงุชุจ ูู 4725 ุฑูุงู ููุชูุฏูู:job@drslounge.netุงูุฑุฌุงุก ูุชุงุจุฉ ุงุณู ุงูุดุงุบุฑ ูู ุนููุงู ุงูุฑุณุงูุฉ,2.6K,jobsmadina_ypRmO3Cff4GrYwGi4_results,['job@drslounge.net'],1,[],0,2024-09-01 18:16:17,Empty
37,ุชุฌููุน ูุธุงุฆู ุงููุฏููุฉ,https://t.me/jobsmadina,jobsmadina,2024-09-02T21:26:19+00:00,https://t.me/coursemadinah/159,ููุงุฉ ุงููุนุงูุฏ ุงูุฎุงุตุฉ ู ุฏูุฑุงุช ุงูู ูุงูู ูุญุถูุฑู ุงููุฏููุฉ ุงููููุฑุฉ / ูุนูุฏ,-,-,2024-11-01 14:47:25,ูุฏุนููู ูุฑูู ICE ุงูุชุทูุนู ูุญุถูุฑ ูุฑุดุฉ ุชุฏุฑูุจูุฉ ุจุนููุงู :   (( ููุงุฑุงุช ุจุฑูุงูุฌ ุงูุจูุฑุจูููุช ))ููู ุงูุซูุงุซุงุก ูฃู ุตูุฑ - ูฃ ุณุจุชูุจุฑุชุจุฏุฃุงูุณุงุนุฉ ูฅ ุนุตุฑุงู ุงูุดูุงุฏุฉ (( ุดูุงุฏุฉ ุญุถูุฑ ))ุฑุงุจุท ุงูุจุซ ุนุจุฑ ุฒููู :https://us02web.zoom.us/j/82008480642,2.2K,jobsmadina_ypRmO3Cff4GrYwGi4_results,[],0,['https://us02web.zoom.us/j/82008480642'],1,2024-09-02 21:26:19,Empty
38,ุชุฌููุน ูุธุงุฆู ุงููุฏููุฉ,https://t.me/jobsmadina,jobsmadina,2024-09-02T21:35:37+00:00,-,-,-,-,2024-11-01 14:47:25,(๐ด) ูุงูุฉ ูุทุงุฑุงุช ุงูููููุฉ | ุซุงูููุฉ ูุฃุนูู:โช๏ธ ุงููุคูู (ุซุงูููุฉุ ุฏุจูููุ ุจูุงููุฑููุณ).โช๏ธ ูุง ุชุดุชุฑุท ุฎุจุฑุฉ ุณุงุจูุฉ.ุงูุดุฑูุฉ ุงูุณุนูุฏูุฉ ููุฎุฏูุงุช ุงูุฃุฑุถูุฉ ุชุนูู ูุธุงุฆู ุดุงุบุฑุฉ (ุฑุฌุงู / ูุณุงุก) ูุญููุฉ (ุงูุซุงูููุฉ ูุฃุนูู) ุจูุฌุงู ุฎุฏูุฉ ุงูุนููุงุก.๐ ุดุงุฑู ุงูุฎุจุฑ ุนุจุฑ (ูุงุชุณุงุจ):ุงุถุบุท ููุงโ๏ธ ููุชูุฏูู (https://ewdifh.com/jobs/79468)โ,2.6K,jobsmadina_ypRmO3Cff4GrYwGi4_results,[],0,['https://ewdifh.com/jobs/79468)โ'],1,2024-09-02 21:35:37,Empty
39,ุชุฌููุน ูุธุงุฆู ุงููุฏููุฉ,https://t.me/jobsmadina,jobsmadina,2024-09-02T21:30:47+00:00,-,-,-,-,2024-11-01 14:47:25,ุงููุณูู ุงููุธููู:ุงุฎุตุงุฆูุฉ ูุจูุนุงุช.ุงููุชุทูุจุงุช :- โุณุนูุฏูุฉ ุงูุฌูุณูุฉ- โุฎุจุฑุฉ ุจููุณ ุงููุฌุงู ูุง ุชูู ุนู ุณูุฉ- โุงูุชูุธูู ููุฑู- ุฑุงุชุจ ุดูุฑู + ููุงูุฃุฉ ุงูุถุจุงุท  ูุนูููุงุชุงููุฑุฌู ูู ุงูููุชููู ุจูุธุงุฆู ุดุฑูุฉ ุฑุงุฆุฏุฉ ูู ูุฌุงู ุงูุชุฌุฒุฆุฉ ุฅุฑุณุงู ุงูุณูุฑุฉ ุงูุฐุงุชูุฉ ุนุจุฑ ุงูุจุฑูุฏ ุงูุฅููุชุฑููู ุงูุขุชู ูุน ุฐูุฑ ุงููุณูู ุงููุธููู ุจุงูุนููุงู: hr.jobs22@outlook.com,2.4K,jobsmadina_ypRmO3Cff4GrYwGi4_results,['hr.jobs22@outlook.com'],1,[],0,2024-09-02 21:30:47,Empty
40,ุชุฌููุน ูุธุงุฆู ุงููุฏููุฉ,https://t.me/jobsmadina,jobsmadina,2024-09-03T03:54:31+00:00,https://t.me/coursemadinah/163,ููุงุฉ ุงููุนุงูุฏ ุงูุฎุงุตุฉ ู ุฏูุฑุงุช ุงูู ูุงูู ูุญุถูุฑู ุงููุฏููุฉ ุงููููุฑุฉ / ูุนูุฏ,-,-,2024-11-01 14:47:25,โญ๏ธ ุฏูุฑุงุช ูุฌุงููุฉ - ูู ุงููุบู ุงูุงูุฌููุฒูู. ุฏูุฑุงุช ุชุฏุฑูุจูุฉ ูุฌุงููุฉ (ุนู ุจุนุฏ) ูุชุทููุฑ ููุงุฑุงุช ุงููุบุฉ ุงูุฅูุฌููุฒูุฉ ุนุจุฑ ููุตุฉ ุฏุฑูุจ.๐น ุดูุงุฏุงุช ูุนุชูุฏุฉ ูุฌุงููุฉ. ๐น ุงูุฏูุฑุงุช ุนู ุจุนุฏ ุนุจุฑ ุงูุงูุชุฑูุช .๐น ุชุญุณูู ูุฑุตู ุญุตููู ุนูู ูุธููุฉ. ๐ ุงูุชูุฏูู ูู ุงูุฑุงุจุท ุงูุชุงูู ๐https://linkedksa.com/1118/ุงูุดุฑูุง ููุณุชููุฏ ุงูุฌููุน ูููู ุงูุฃุฌุฑ,2.5K,jobsmadina_ypRmO3Cff4GrYwGi4_results,[],0,['https://linkedksa.com/1118/ุงูุดุฑูุง'],1,2024-09-03 03:54:31,Empty
41,ุชุฌููุน ูุธุงุฆู ุงููุฏููุฉ,https://t.me/jobsmadina,jobsmadina,2024-09-06T10:41:47+00:00,https://t.me/coursemadinah/170,ููุงุฉ ุงููุนุงูุฏ ุงูุฎุงุตุฉ ู ุฏูุฑุงุช ุงูู ูุงูู ูุญุถูุฑู ุงููุฏููุฉ ุงููููุฑุฉ / ูุนูุฏ,-,-,2024-11-01 14:47:25,ุชุฏุนููู ููุตุฉ ุฏูุฑุงุชู ูุญุถูุฑ ุฏูุฑุฉ ุชุฏุฑูุจูุฉ ุจุนููุงู:(( ูุฑุตุฉ ุชุนูู ุทููู ููุบุฉ ุงูุฅูุฌููุฒูุฉ ูู ุนูุฑ ูกูข ุณูุฉ ูุฃูู ))ููู ุงูุฌูุนุฉ ูฃ ุฑุจูุน ุงูุฃูู - ูฆ ุณุจุชูุจุฑุชุจุฏุฃ ุงูุณุงุนุฉ ูฅ ุนุตุฑุงู ุงูุดูุงุฏุฉ(( ุดูุงุฏุฉ ุญุถูุฑ )) ุฑุงุจุท ุงูุจุซ ุนุจุฑ ุฒููู :https://us02web.zoom.us/j/88601136499,2.2K,jobsmadina_ypRmO3Cff4GrYwGi4_results,[],0,['https://us02web.zoom.us/j/88601136499'],1,2024-09-06 10:41:47,Empty
42,ุชุฌููุน ูุธุงุฆู ุงููุฏููุฉ,https://t.me/jobsmadina,jobsmadina,2024-09-01T11:14:16+00:00,https://t.me/coursemadinah/155,ููุงุฉ ุงููุนุงูุฏ ุงูุฎุงุตุฉ ู ุฏูุฑุงุช ุงูู ูุงูู ูุญุถูุฑู ุงููุฏููุฉ ุงููููุฑุฉ / ูุนูุฏ,-,-,2024-11-01 14:47:25,ูุฏุนููู ููุชูู ุดุฐุฑุงุช ุงูุฅุจุฏุงุน ูุญุถูุฑ ูุฑุดุฉ ุนูู ุจุนููุงู: ((  ุจุฑูุงูุฌ ุงูุฅูุณู  ))ููู ุงูุฃุญุฏ ูขูจ ุตูุฑ - ูก ุณุจุชูุจุฑ ุชุจุฏุฃ ุงูุณุงุนุฉ ูง.ูฃู ูุณุงุกูุงูุดูุงุฏุฉ (( ุดูุงุฏุฉ ุญุถูุฑ ))ุฑุงุจุท ุงูุจุซ ุนุจุฑ ุฒููู :https://us02web.zoom.us/j/85488506401?pwd=alsfZ0PtPopej980B86xeP2TOemdHe.1,2.4K,jobsmadina_ypRmO3Cff4GrYwGi4_results,[],0,['https://us02web.zoom.us/j/85488506401?pwd=alsfZ0PtPopej980B86xeP2TOemdHe.1'],1,2024-09-01 11:14:16,Empty
43,ุชุฌููุน ูุธุงุฆู ุงููุฏููุฉ,https://t.me/jobsmadina,jobsmadina,2024-08-31T18:34:54+00:00,https://t.me/coursemadinah/151,ููุงุฉ ุงููุนุงูุฏ ุงูุฎุงุตุฉ ู ุฏูุฑุงุช ุงูู ูุงูู ูุญุถูุฑู ุงููุฏููุฉ ุงููููุฑุฉ / ูุนูุฏ,-,-,2024-11-01 14:47:25,๐ขุงูุฏูุงุน ุงููุฏูู (ูุธุงุฆู) ูู ุนุฏุฉ ููุงุทู ุจุงูููููุฉ โญ๏ธ (ูุจุฏุฃ ุงูุชูุฏูู ุงูุฃุญุฏ 1446/02/28ูู):โช๏ธุฃูุงูู ุงูุนูู (ุงูุฑูุงุถุ ุงูุทุงุฆูุ ุงูุฏูุงูุ ุฃุจูุงุ ุชุจููุ ุงููุฏููุฉ ุงููููุฑุฉุ ุญุงุฆูุ ุจุฑูุฏุฉ)ุงูุฏูุงุน ุงููุฏูู ุงูุณุนูุฏู ูุนูู ูุธุงุฆู ุดุงุบุฑุฉ ุนุจุฑ ููุตุฉ (ุฌุฏุงุฑุงุช)ุงูุชูุงุตูู: https://itawteen.com/14479/,2.3K,jobsmadina_ypRmO3Cff4GrYwGi4_results,[],0,['https://itawteen.com/14479/'],1,2024-08-31 18:34:54,Empty
